# {'Language': 'English', 'Region': 'AG', 'Participant': 'AG012', 'Session': 'S1', 'Block': 'B1', 'date': '2022_May_09_1317', 'expName': 'FTRSGT_rTMS', 'frameRate': 59.93885024034029}
region,subj,block,trial,proberound,probetrial,time,stimulus,response
AG,AG012,B1,1,1,1,0.0002787001,stimulus,
AG,AG012,B1,1,1,1,0.2396162003,tap,lctrl
AG,AG012,B1,2,1,2,0.7500854004,stimulus,
AG,AG012,B1,2,1,2,0.8315733001,tap,lctrl
AG,AG012,B1,3,1,3,1.5000916999,stimulus,
AG,AG012,B1,3,1,3,1.5356631000,tap,lctrl
AG,AG012,B1,3,1,3,2.2236142000,tap,rctrl
AG,AG012,B1,4,1,4,2.2502001999,stimulus,
AG,AG012,B1,5,1,5,3.0001625000,stimulus,
AG,AG012,B1,5,1,5,3.0235718004,tap,rctrl
AG,AG012,B1,6,1,6,3.7501699999,stimulus,
AG,AG012,B1,6,1,6,3.7596043004,tap,lctrl
AG,AG012,B1,7,1,7,4.5001808004,stimulus,
AG,AG012,B1,7,1,7,4.5435607005,tap,rctrl
AG,AG012,B1,8,1,8,5.2501998004,stimulus,
AG,AG012,B1,8,1,8,5.2635553004,tap,rctrl
AG,AG012,B1,8,1,8,5.9996161005,tap,lctrl
AG,AG012,B1,9,1,9,6.0002211006,stimulus,
AG,AG012,B1,9,1,9,6.7036081003,tap,rctrl
AG,AG012,B1,10,1,10,6.7502187006,stimulus,
AG,AG012,B1,10,1,10,7.4876027005,tap,rctrl
AG,AG012,B1,11,1,11,7.5002318006,stimulus,
AG,AG012,B1,12,1,12,8.2502435008,stimulus,
AG,AG012,B1,12,1,12,8.3036754001,tap,lctrl
AG,AG012,B1,13,1,13,9.0003016004,stimulus,
AG,AG012,B1,13,1,13,9.0237898007,tap,rctrl
AG,AG012,B1,13,1,13,9.7437034007,tap,rctrl
AG,AG012,B1,14,1,14,9.7502921000,stimulus,
AG,AG012,B1,15,1,15,10.5003198003,stimulus,
AG,AG012,B1,15,1,15,10.5117008006,tap,rctrl
AG,AG012,B1,15,1,15,11.2156654000,tap,lctrl
AG,AG012,B1,16,1,16,11.2503223000,stimulus,
AG,AG012,B1,16,1,16,11.9516724003,tap,lctrl
AG,AG012,B1,17,1,17,12.0003286004,stimulus,
AG,AG012,B1,17,1,17,12.6715887003,tap,rctrl
AG,AG012,B1,18,1,18,12.7503383001,stimulus,
AG,AG012,B1,18,1,18,13.4395621000,tap,rctrl
AG,AG012,B1,19,1,19,13.5003470005,stimulus,
AG,AG012,B1,19,1,19,14.1596826008,tap,rctrl
AG,AG012,B1,20,1,20,14.2503912002,stimulus,
AG,AG012,B1,20,1,20,14.9276863001,tap,rctrl
AG,AG012,B1,21,1,21,15.0003890004,stimulus,
AG,AG012,B1,21,1,21,15.7115744008,tap,lctrl
AG,AG012,B1,22,1,22,15.7503908006,stimulus,
AG,AG012,B1,22,1,22,16.4636981003,tap,rctrl
AG,AG012,B1,23,1,23,16.5004037004,stimulus,
AG,AG012,B1,23,1,23,17.2315766001,tap,rctrl
AG,AG012,B1,24,1,24,17.2504379004,stimulus,
AG,AG012,B1,24,1,24,17.9357388001,tap,lctrl
AG,AG012,B1,25,1,25,18.0004389007,stimulus,
AG,AG012,B1,25,1,25,18.6875776006,tap,lctrl
AG,AG012,B1,26,1,26,18.7504552007,stimulus,
AG,AG012,B1,26,1,26,19.4236728000,tap,lctrl
AG,AG012,B1,27,1,27,19.5004694005,stimulus,
AG,AG012,B1,27,1,27,20.1275730003,tap,rctrl
AG,AG012,B1,28,1,28,20.2504801005,stimulus,
AG,AG012,B1,28,1,28,20.9276362006,tap,lctrl
AG,AG012,B1,29,1,29,21.0004911004,stimulus,
AG,AG012,B1,29,1,29,21.6476022005,tap,rctrl
AG,AG012,B1,30,1,30,21.7504954999,stimulus,
AG,AG012,B1,30,1,30,22.4315541005,tap,lctrl
AG,AG012,B1,31,1,31,22.5005108006,stimulus,
AG,AG012,B1,31,1,31,23.1676517008,tap,lctrl
AG,AG012,B1,32,1,32,23.2505382001,stimulus,
AG,AG012,B1,32,1,32,23.9195997007,tap,rctrl
AG,AG012,B1,33,1,33,24.0005539004,stimulus,
AG,AG012,B1,33,1,33,24.7037288006,tap,lctrl
AG,AG012,B1,34,1,34,24.7505715005,stimulus,
AG,AG012,B1,34,1,34,25.4236852005,tap,rctrl
AG,AG012,B1,35,1,35,25.5005750004,stimulus,
AG,AG012,B1,35,1,35,26.2235695999,tap,rctrl
AG,AG012,B1,36,1,36,26.2505927002,stimulus,
AG,AG012,B1,36,1,36,26.9275571005,tap,rctrl
AG,AG012,B1,37,1,37,27.0006002001,stimulus,
AG,AG012,B1,37,1,37,27.6476140004,tap,lctrl
AG,AG012,B1,38,1,38,27.7506137006,stimulus,
AG,AG012,B1,38,1,38,28.4636807004,tap,rctrl
AG,AG012,B1,39,1,39,28.5006351005,stimulus,
AG,AG012,B1,39,1,39,29.1836556001,tap,rctrl
AG,AG012,B1,40,1,40,29.2506513000,stimulus,
AG,AG012,B1,40,1,40,29.9836837007,tap,rctrl
AG,AG012,B1,41,1,41,30.0006638002,stimulus,
AG,AG012,B1,41,1,41,30.7035894003,tap,lctrl
AG,AG012,B1,42,1,42,30.7506809002,stimulus,
AG,AG012,B1,42,1,42,31.4236847004,tap,rctrl
AG,AG012,B1,43,1,43,31.5006912006,stimulus,
AG,AG012,B1,43,1,43,32.1436720006,tap,rctrl
AG,AG012,B1,44,1,44,32.2507072007,stimulus,
AG,AG012,B1,44,1,44,32.9116641004,tap,rctrl
AG,AG012,B1,45,1,45,33.0007456001,stimulus,
AG,AG012,B1,45,1,45,33.6956227003,tap,lctrl
AG,AG012,B1,46,1,46,33.7507398007,stimulus,
AG,AG012,B1,46,1,46,34.4636038002,tap,rctrl
AG,AG012,B1,47,1,47,34.5007573999,stimulus,
AG,AG012,B1,47,1,47,35.2156189000,tap,rctrl
AG,AG012,B1,48,1,48,35.2507814001,stimulus,
AG,AG012,B1,48,1,48,35.9996305006,tap,rctrl
AG,AG012,B1,49,1,49,36.0008102003,stimulus,
AG,AG012,B1,49,1,49,36.7195804007,tap,lctrl
AG,AG012,B1,50,1,50,36.7508025002,stimulus,
AG,AG012,B1,50,1,50,37.4715985004,tap,lctrl
AG,AG012,B1,51,1,51,37.5008169003,stimulus,
AG,AG012,B1,51,1,51,38.2395810001,tap,rctrl
AG,AG012,B1,52,1,52,38.2508283006,stimulus,
AG,AG012,B1,52,1,52,38.9436920006,tap,rctrl
AG,AG012,B1,53,1,53,39.0008618003,stimulus,
AG,AG012,B1,53,1,53,39.7116159005,tap,rctrl
AG,AG012,B1,54,1,54,39.7508687004,stimulus,
AG,AG012,B1,54,1,54,40.4155873004,tap,rctrl
AG,AG012,B1,55,1,55,40.5008775005,stimulus,
AG,AG012,B1,55,1,55,41.2315648003,tap,lctrl
AG,AG012,B1,56,1,56,41.2508904999,stimulus,
AG,AG012,B1,56,1,56,41.9675833005,tap,lctrl
AG,AG012,B1,57,1,57,42.0008998001,stimulus,
AG,AG012,B1,57,1,57,42.6235447004,tap,rctrl
AG,AG012,B1,58,1,58,42.7509122007,stimulus,
AG,AG012,B1,58,1,58,43.3916575005,tap,lctrl
AG,AG012,B1,59,1,59,43.5009238999,stimulus,
AG,AG012,B1,59,1,59,44.2076903004,tap,rctrl
AG,AG012,B1,60,1,60,44.2509500002,stimulus,
AG,AG012,B1,61,1,61,45.0009586001,stimulus,
AG,AG012,B1,61,1,61,45.0875619007,tap,lctrl
AG,AG012,B1,62,1,62,45.7509893002,stimulus,
AG,AG012,B1,62,1,62,45.7596339006,tap,lctrl
AG,AG012,B1,62,1,62,46.4476097999,tap,rctrl
AG,AG012,B1,63,1,63,46.5009847004,stimulus,
AG,AG012,B1,63,1,63,47.1515768999,tap,rctrl
AG,AG012,B1,64,1,64,47.2509893002,stimulus,
AG,AG012,B1,64,1,64,47.9356209999,tap,rctrl
AG,AG012,B1,65,1,65,48.0010049008,stimulus,
AG,AG012,B1,65,1,65,48.7195860008,tap,rctrl
AG,AG012,B1,66,1,66,48.7510160003,stimulus,
AG,AG012,B1,66,1,66,49.4715891005,tap,lctrl
AG,AG012,B1,67,1,67,49.5010361001,stimulus,
AG,AG012,B1,67,1,67,50.2236894006,tap,rctrl
AG,AG012,B1,68,1,68,50.2510473002,stimulus,
AG,AG012,B1,68,1,68,50.9595500007,tap,lctrl
AG,AG012,B1,69,1,69,51.0010654004,stimulus,
AG,AG012,B1,69,1,69,51.6635375004,tap,lctrl
AG,AG012,B1,70,1,70,51.7510724002,stimulus,
AG,AG012,B1,70,1,70,52.4475415004,tap,rctrl
AG,AG012,B1,71,1,71,52.5010869000,stimulus,
AG,AG012,B1,71,1,71,53.1356748007,tap,rctrl
AG,AG012,B1,72,1,72,53.2510961005,stimulus,
AG,AG012,B1,72,1,72,53.9515978005,tap,lctrl
AG,AG012,B1,73,1,72,57.8619472003,probe1,2
AG,AG012,B1,73,1,72,60.3476116005,probe2,1
AG,AG012,B1,73,1,72,62.8004483003,probe3,0
AG,AG012,B1,74,2,1,63.5679747006,stimulus,
AG,AG012,B1,74,2,1,63.5690668002,tap,rctrl
AG,AG012,B1,74,2,1,64.2236087006,tap,rctrl
AG,AG012,B1,75,2,2,64.3177581001,stimulus,
AG,AG012,B1,75,2,2,65.0555223003,tap,rctrl
AG,AG012,B1,76,2,3,65.0677719004,stimulus,
AG,AG012,B1,76,2,3,65.8076317003,tap,rctrl
AG,AG012,B1,77,2,4,65.8178050006,stimulus,
AG,AG012,B1,77,2,4,66.5596544007,tap,lctrl
AG,AG012,B1,78,2,5,66.5678026006,stimulus,
AG,AG012,B1,78,2,5,67.3115915004,tap,lctrl
AG,AG012,B1,79,2,6,67.3178150002,stimulus,
AG,AG012,B1,79,2,6,68.0636018999,tap,lctrl
AG,AG012,B1,80,2,7,68.0678256005,stimulus,
AG,AG012,B1,80,2,7,68.8156034006,tap,lctrl
AG,AG012,B1,81,2,8,68.8178484002,stimulus,
AG,AG012,B1,81,2,8,69.5515130004,tap,rctrl
AG,AG012,B1,82,2,9,69.5678630006,stimulus,
AG,AG012,B1,82,2,9,70.2716566008,tap,rctrl
AG,AG012,B1,83,2,10,70.3178796005,stimulus,
AG,AG012,B1,83,2,10,71.0396637004,tap,rctrl
AG,AG012,B1,84,2,11,71.0678881006,stimulus,
AG,AG012,B1,84,2,11,71.7116117999,tap,rctrl
AG,AG012,B1,85,2,12,71.8178933002,stimulus,
AG,AG012,B1,85,2,12,72.5596162006,tap,lctrl
AG,AG012,B1,86,2,13,72.5679101003,stimulus,
AG,AG012,B1,86,2,13,73.3116168007,tap,lctrl
AG,AG012,B1,87,2,14,73.3179335007,stimulus,
AG,AG012,B1,87,2,14,74.0315398006,tap,lctrl
AG,AG012,B1,88,2,15,74.0679400004,stimulus,
AG,AG012,B1,88,2,15,74.7996206004,tap,rctrl
AG,AG012,B1,89,2,16,74.8179555004,stimulus,
AG,AG012,B1,90,2,17,75.5679697003,stimulus,
AG,AG012,B1,90,2,17,75.5995457005,tap,lctrl
AG,AG012,B1,90,2,17,76.3036040002,tap,rctrl
AG,AG012,B1,91,2,18,76.3179828003,stimulus,
AG,AG012,B1,92,2,19,77.0679907007,stimulus,
AG,AG012,B1,92,2,19,77.1355901007,tap,rctrl
AG,AG012,B1,93,2,20,77.8180030007,stimulus,
AG,AG012,B1,93,2,20,77.9195161005,tap,lctrl
AG,AG012,B1,94,2,21,78.5680268006,stimulus,
AG,AG012,B1,94,2,21,78.5915808007,tap,lctrl
AG,AG012,B1,94,2,21,79.2955440003,tap,rctrl
AG,AG012,B1,95,2,22,79.3180434005,stimulus,
AG,AG012,B1,95,2,22,80.0315308999,tap,lctrl
AG,AG012,B1,96,2,23,80.0680565005,stimulus,
AG,AG012,B1,96,2,23,80.7675892999,tap,rctrl
AG,AG012,B1,97,2,24,80.8180760005,stimulus,
AG,AG012,B1,97,2,24,81.5675264001,tap,lctrl
AG,AG012,B1,98,2,25,81.5680844001,stimulus,
AG,AG012,B1,98,2,25,82.3035208005,tap,lctrl
AG,AG012,B1,99,2,26,82.3180969004,stimulus,
AG,AG012,B1,99,2,26,82.9915596005,tap,rctrl
AG,AG012,B1,100,2,27,83.0681122001,stimulus,
AG,AG012,B1,100,2,27,83.7435349002,tap,rctrl
AG,AG012,B1,101,2,28,83.8181181001,stimulus,
AG,AG012,B1,101,2,28,84.5275269002,tap,rctrl
AG,AG012,B1,102,2,29,84.5681321006,stimulus,
AG,AG012,B1,102,2,29,85.1995735001,tap,rctrl
AG,AG012,B1,103,2,30,85.3181517003,stimulus,
AG,AG012,B1,103,2,30,86.0156014003,tap,lctrl
AG,AG012,B1,104,2,31,86.0681645004,stimulus,
AG,AG012,B1,104,2,31,86.7995267007,tap,rctrl
AG,AG012,B1,105,2,32,86.8181776004,stimulus,
AG,AG012,B1,105,2,32,87.5515332008,tap,lctrl
AG,AG012,B1,106,2,33,87.5682086004,stimulus,
AG,AG012,B1,107,2,34,88.3182331007,stimulus,
AG,AG012,B1,107,2,34,88.3196812002,tap,lctrl
AG,AG012,B1,107,2,34,89.0076593002,tap,lctrl
AG,AG012,B1,108,2,35,89.0682335002,stimulus,
AG,AG012,B1,108,2,35,89.8075282006,tap,rctrl
AG,AG012,B1,109,2,36,89.8182399999,stimulus,
AG,AG012,B1,109,2,36,90.5275742002,tap,lctrl
AG,AG012,B1,110,2,37,90.5682601007,stimulus,
AG,AG012,B1,110,2,37,91.2955507003,tap,lctrl
AG,AG012,B1,111,2,38,91.3182660006,stimulus,
AG,AG012,B1,111,2,38,92.0155785000,tap,lctrl
AG,AG012,B1,112,2,39,92.0682731001,stimulus,
AG,AG012,B1,112,2,39,92.8157497002,tap,rctrl
AG,AG012,B1,113,2,40,92.8183122007,stimulus,
AG,AG012,B1,113,2,40,93.5516556008,tap,lctrl
AG,AG012,B1,114,2,41,93.5683123004,stimulus,
AG,AG012,B1,114,2,41,94.3035738999,tap,rctrl
AG,AG012,B1,115,2,42,94.3183186008,stimulus,
AG,AG012,B1,115,2,42,95.0076828003,tap,lctrl
AG,AG012,B1,116,2,43,95.0683329999,stimulus,
AG,AG012,B1,116,2,43,95.7436247999,tap,lctrl
AG,AG012,B1,117,2,44,95.8183559002,stimulus,
AG,AG012,B1,117,2,44,96.4956092006,tap,rctrl
AG,AG012,B1,118,2,45,96.5683636004,stimulus,
AG,AG012,B1,118,2,45,97.2475770004,tap,lctrl
AG,AG012,B1,119,2,46,97.3183766007,stimulus,
AG,AG012,B1,119,2,46,97.9835734004,tap,rctrl
AG,AG012,B1,120,2,47,98.0683880001,stimulus,
AG,AG012,B1,120,2,47,98.7675216999,tap,rctrl
AG,AG012,B1,121,2,48,98.8184043001,stimulus,
AG,AG012,B1,121,2,48,99.5035092002,tap,lctrl
AG,AG012,B1,122,2,49,99.5684132008,stimulus,
AG,AG012,B1,122,2,49,100.2396358000,tap,lctrl
AG,AG012,B1,123,2,50,100.3184304005,stimulus,
AG,AG012,B1,123,2,50,101.0235334001,tap,lctrl
AG,AG012,B1,124,2,51,101.0684460001,stimulus,
AG,AG012,B1,124,2,51,101.7755289003,tap,rctrl
AG,AG012,B1,125,2,52,101.8184528006,stimulus,
AG,AG012,B1,125,2,52,102.4956231005,tap,lctrl
AG,AG012,B1,126,2,53,102.5684634000,stimulus,
AG,AG012,B1,126,2,53,103.2796171000,tap,rctrl
AG,AG012,B1,127,2,54,103.3184746001,stimulus,
AG,AG012,B1,127,2,54,103.9675838007,tap,rctrl
AG,AG012,B1,128,2,55,104.0684846006,stimulus,
AG,AG012,B1,128,2,55,104.7355465004,tap,rctrl
AG,AG012,B1,129,2,56,104.8185030008,stimulus,
AG,AG012,B1,129,2,56,105.4875608003,tap,lctrl
AG,AG012,B1,130,2,57,105.5685161008,stimulus,
AG,AG012,B1,130,2,57,106.2396416999,tap,rctrl
AG,AG012,B1,131,2,58,106.3185395002,stimulus,
AG,AG012,B1,132,2,59,107.0685435999,stimulus,
AG,AG012,B1,132,2,59,107.0715606008,tap,lctrl
AG,AG012,B1,132,2,59,107.8075743001,tap,lctrl
AG,AG012,B1,133,2,60,107.8185582999,stimulus,
AG,AG012,B1,133,2,60,108.5595726008,tap,lctrl
AG,AG012,B1,134,2,61,108.5685846005,stimulus,
AG,AG012,B1,134,2,61,109.2794977007,tap,rctrl
AG,AG012,B1,135,2,62,109.3185886005,stimulus,
AG,AG012,B1,135,2,62,110.0155421002,tap,lctrl
AG,AG012,B1,136,2,63,110.0685955007,stimulus,
AG,AG012,B1,136,2,63,110.7516386006,tap,rctrl
AG,AG012,B1,137,2,64,110.8186314004,stimulus,
AG,AG012,B1,137,2,64,111.4715659004,tap,lctrl
AG,AG012,B1,138,2,65,111.5686369007,stimulus,
AG,AG012,B1,138,2,65,112.2875904003,tap,lctrl
AG,AG012,B1,139,2,66,112.3186496999,stimulus,
AG,AG012,B1,140,2,67,113.0686627999,stimulus,
AG,AG012,B1,140,2,67,113.0875000004,tap,lctrl
AG,AG012,B1,140,2,67,113.8076513000,tap,lctrl
AG,AG012,B1,141,2,68,113.8186800005,stimulus,
AG,AG012,B1,141,2,68,114.5596378008,tap,rctrl
AG,AG012,B1,142,2,68,118.0285125002,probe1,3
AG,AG012,B1,142,2,68,120.5643343003,probe2,1
AG,AG012,B1,142,2,68,122.5493656006,probe3,0
AG,AG012,B1,143,3,1,123.3168544006,stimulus,
AG,AG012,B1,143,3,1,123.3179539004,tap,rctrl
AG,AG012,B1,144,3,2,124.0666406006,stimulus,
AG,AG012,B1,144,3,2,124.0795271005,tap,rctrl
AG,AG012,B1,145,3,3,124.8166530002,stimulus,
AG,AG012,B1,145,3,3,124.8634932004,tap,rctrl
AG,AG012,B1,146,3,4,125.5666747000,stimulus,
AG,AG012,B1,146,3,4,125.6795827001,tap,rctrl
AG,AG012,B1,147,3,5,126.3166914005,stimulus,
AG,AG012,B1,147,3,5,126.3995351000,tap,lctrl
AG,AG012,B1,148,3,6,127.0666989004,stimulus,
AG,AG012,B1,148,3,6,127.1037117001,tap,lctrl
AG,AG012,B1,149,3,7,127.8167090006,stimulus,
AG,AG012,B1,149,3,7,127.8715031007,tap,rctrl
AG,AG012,B1,150,3,8,128.5667206999,stimulus,
AG,AG012,B1,150,3,8,128.5755823003,tap,lctrl
AG,AG012,B1,151,3,9,129.3167393003,stimulus,
AG,AG012,B1,151,3,9,129.3435302004,tap,rctrl
AG,AG012,B1,152,3,10,130.0667480007,stimulus,
AG,AG012,B1,152,3,10,130.0795282004,tap,lctrl
AG,AG012,B1,152,3,10,130.7995830001,tap,rctrl
AG,AG012,B1,153,3,11,130.8167638006,stimulus,
AG,AG012,B1,154,3,12,131.5667915000,stimulus,
AG,AG012,B1,154,3,12,131.5995973004,tap,rctrl
AG,AG012,B1,155,3,13,132.3167898003,stimulus,
AG,AG012,B1,155,3,13,132.3515503006,tap,lctrl
AG,AG012,B1,156,3,14,133.0668206001,stimulus,
AG,AG012,B1,156,3,14,133.1036635004,tap,lctrl
AG,AG012,B1,157,3,15,133.8168197004,stimulus,
AG,AG012,B1,157,3,15,133.8235895000,tap,rctrl
AG,AG012,B1,157,3,15,134.5434891004,tap,rctrl
AG,AG012,B1,158,3,16,134.5668199006,stimulus,
AG,AG012,B1,158,3,16,135.2794748005,tap,rctrl
AG,AG012,B1,159,3,17,135.3168318002,stimulus,
AG,AG012,B1,159,3,17,136.0475306008,tap,lctrl
AG,AG012,B1,160,3,18,136.0668415008,stimulus,
AG,AG012,B1,160,3,18,136.7996522002,tap,rctrl
AG,AG012,B1,161,3,19,136.8168617999,stimulus,
AG,AG012,B1,161,3,19,137.5355268000,tap,lctrl
AG,AG012,B1,162,3,20,137.5668939007,stimulus,
AG,AG012,B1,163,3,21,138.3168854006,stimulus,
AG,AG012,B1,163,3,21,138.3516096007,tap,lctrl
AG,AG012,B1,163,3,21,139.0556200007,tap,lctrl
AG,AG012,B1,164,3,22,139.0669030007,stimulus,
AG,AG012,B1,165,3,23,139.8169078007,stimulus,
AG,AG012,B1,165,3,23,139.8394835005,tap,rctrl
AG,AG012,B1,165,3,23,140.5436340999,tap,lctrl
AG,AG012,B1,166,3,24,140.5669260006,stimulus,
AG,AG012,B1,166,3,24,141.2795550004,tap,rctrl
AG,AG012,B1,167,3,25,141.3169365004,stimulus,
AG,AG012,B1,167,3,25,142.0475896001,tap,rctrl
AG,AG012,B1,168,3,26,142.0669440003,stimulus,
AG,AG012,B1,168,3,26,142.8156633005,tap,lctrl
AG,AG012,B1,169,3,27,142.8169645006,stimulus,
AG,AG012,B1,169,3,27,143.5516100004,tap,rctrl
AG,AG012,B1,170,3,28,143.5669749007,stimulus,
AG,AG012,B1,171,3,29,144.3169799000,stimulus,
AG,AG012,B1,171,3,29,144.3355744006,tap,lctrl
AG,AG012,B1,171,3,29,145.0554954000,tap,lctrl
AG,AG012,B1,172,3,30,145.0669963006,stimulus,
AG,AG012,B1,172,3,30,145.7916887002,tap,lctrl
AG,AG012,B1,173,3,31,145.8170249006,stimulus,
AG,AG012,B1,173,3,31,146.5275356006,tap,rctrl
AG,AG012,B1,174,3,32,146.5670432001,stimulus,
AG,AG012,B1,174,3,32,147.2634938005,tap,rctrl
AG,AG012,B1,175,3,33,147.3170448001,stimulus,
AG,AG012,B1,175,3,33,147.9996234002,tap,lctrl
AG,AG012,B1,176,3,34,148.0670479005,stimulus,
AG,AG012,B1,176,3,34,148.7195602003,tap,rctrl
AG,AG012,B1,177,3,35,148.8170712003,stimulus,
AG,AG012,B1,177,3,35,149.4877302004,tap,rctrl
AG,AG012,B1,178,3,36,149.5670771003,stimulus,
AG,AG012,B1,178,3,36,150.2875071000,tap,rctrl
AG,AG012,B1,179,3,37,150.3170946008,stimulus,
AG,AG012,B1,179,3,37,150.9915500004,tap,lctrl
AG,AG012,B1,180,3,38,151.0671053007,stimulus,
AG,AG012,B1,180,3,38,151.7916040001,tap,rctrl
AG,AG012,B1,181,3,39,151.8171232007,stimulus,
AG,AG012,B1,181,3,39,152.5276649008,tap,lctrl
AG,AG012,B1,182,3,40,152.5671452004,stimulus,
AG,AG012,B1,182,3,40,153.3115781005,tap,lctrl
AG,AG012,B1,183,3,41,153.3171518007,stimulus,
AG,AG012,B1,183,3,41,154.0315542007,tap,rctrl
AG,AG012,B1,184,3,42,154.0671617007,stimulus,
AG,AG012,B1,185,3,43,154.8171749003,stimulus,
AG,AG012,B1,185,3,43,154.8316321000,tap,lctrl
AG,AG012,B1,186,3,44,155.5671930006,stimulus,
AG,AG012,B1,186,3,44,155.5836217999,tap,lctrl
AG,AG012,B1,186,3,44,156.2554956004,tap,rctrl
AG,AG012,B1,187,3,45,156.3172147004,stimulus,
AG,AG012,B1,188,3,46,157.0672190003,stimulus,
AG,AG012,B1,188,3,46,157.1036100006,tap,rctrl
AG,AG012,B1,189,3,47,157.8172296006,stimulus,
AG,AG012,B1,189,3,47,157.8395694001,tap,rctrl
AG,AG012,B1,190,3,48,158.5672474001,stimulus,
AG,AG012,B1,190,3,48,158.5754858004,tap,lctrl
AG,AG012,B1,190,3,48,159.2635552008,tap,rctrl
AG,AG012,B1,191,3,49,159.3172762999,stimulus,
AG,AG012,B1,191,3,49,160.0635414999,tap,lctrl
AG,AG012,B1,192,3,50,160.0672749002,stimulus,
AG,AG012,B1,192,3,50,160.8155528000,tap,lctrl
AG,AG012,B1,193,3,51,160.8172952002,stimulus,
AG,AG012,B1,193,3,51,161.4876086004,tap,lctrl
AG,AG012,B1,194,3,52,161.5673098005,stimulus,
AG,AG012,B1,195,3,53,162.3173182001,stimulus,
AG,AG012,B1,195,3,53,162.3515319005,tap,lctrl
AG,AG012,B1,196,3,54,163.0673357006,stimulus,
AG,AG012,B1,196,3,54,163.0875184005,tap,rctrl
AG,AG012,B1,196,3,54,163.7914751004,tap,lctrl
AG,AG012,B1,197,3,55,163.8173489999,stimulus,
AG,AG012,B1,198,3,56,164.5673565008,stimulus,
AG,AG012,B1,198,3,56,164.5754992003,tap,rctrl
AG,AG012,B1,199,3,57,165.3173758006,stimulus,
AG,AG012,B1,199,3,57,165.3435713006,tap,lctrl
AG,AG012,B1,199,3,57,165.9995476007,tap,rctrl
AG,AG012,B1,200,3,58,166.0673977006,stimulus,
AG,AG012,B1,200,3,58,166.8155288007,tap,rctrl
AG,AG012,B1,201,3,59,166.8174160002,stimulus,
AG,AG012,B1,202,3,60,167.5674244007,stimulus,
AG,AG012,B1,202,3,60,167.6155735999,tap,rctrl
AG,AG012,B1,202,3,60,168.2715004003,tap,lctrl
AG,AG012,B1,203,3,61,168.3174340008,stimulus,
AG,AG012,B1,203,3,61,168.9755429002,tap,rctrl
AG,AG012,B1,204,3,62,169.0674504004,stimulus,
AG,AG012,B1,204,3,62,169.7756262003,tap,lctrl
AG,AG012,B1,205,3,63,169.8174606999,stimulus,
AG,AG012,B1,206,3,64,170.5674815001,stimulus,
AG,AG012,B1,206,3,64,170.5915228007,tap,rctrl
AG,AG012,B1,207,3,65,171.3174881004,stimulus,
AG,AG012,B1,207,3,65,171.3275386002,tap,lctrl
AG,AG012,B1,207,3,65,172.0635803007,tap,rctrl
AG,AG012,B1,208,3,66,172.0675094007,stimulus,
AG,AG012,B1,208,3,66,172.7996097002,tap,lctrl
AG,AG012,B1,209,3,67,172.8175185006,stimulus,
AG,AG012,B1,210,3,68,173.5675396007,stimulus,
AG,AG012,B1,210,3,68,173.5834770007,tap,lctrl
AG,AG012,B1,211,3,69,174.3175516007,stimulus,
AG,AG012,B1,211,3,69,174.3196157999,tap,rctrl
AG,AG012,B1,211,3,69,175.0234980006,tap,lctrl
AG,AG012,B1,212,3,70,175.0675651999,stimulus,
AG,AG012,B1,212,3,70,175.7436140003,tap,rctrl
AG,AG012,B1,213,3,70,179.4454973005,probe1,3
AG,AG012,B1,213,3,70,182.2471112004,probe2,1
AG,AG012,B1,213,3,70,184.2166373003,probe3,0
AG,AG012,B1,214,4,1,184.9841990005,stimulus,
AG,AG012,B1,214,4,1,185.0076120002,tap,lctrl
AG,AG012,B1,214,4,1,185.6475078007,tap,rctrl
AG,AG012,B1,215,4,2,185.7339530000,stimulus,
AG,AG012,B1,215,4,2,186.4795843000,tap,lctrl
AG,AG012,B1,216,4,3,186.4839682002,stimulus,
AG,AG012,B1,216,4,3,187.1995724002,tap,rctrl
AG,AG012,B1,217,4,4,187.2339842999,stimulus,
AG,AG012,B1,218,4,5,187.9839949002,stimulus,
AG,AG012,B1,218,4,5,188.0314632002,tap,lctrl
AG,AG012,B1,218,4,5,188.6715349006,tap,rctrl
AG,AG012,B1,219,4,6,188.7340108007,stimulus,
AG,AG012,B1,220,4,7,189.4840200003,stimulus,
AG,AG012,B1,220,4,7,189.6155482000,tap,rctrl
AG,AG012,B1,221,4,8,190.2340290006,stimulus,
AG,AG012,B1,221,4,8,190.3356463006,tap,lctrl
AG,AG012,B1,221,4,8,190.9594403999,tap,rctrl
AG,AG012,B1,222,4,9,190.9840541007,stimulus,
AG,AG012,B1,222,4,9,191.6954530999,tap,rctrl
AG,AG012,B1,223,4,10,191.7340685008,stimulus,
AG,AG012,B1,223,4,10,192.4476141008,tap,lctrl
AG,AG012,B1,224,4,11,192.4840961006,stimulus,
AG,AG012,B1,224,4,11,193.1356223002,tap,lctrl
AG,AG012,B1,225,4,12,193.2341112001,stimulus,
AG,AG012,B1,226,4,13,193.9841136001,stimulus,
AG,AG012,B1,226,4,13,194.0475789001,tap,lctrl
AG,AG012,B1,227,4,14,194.7341202004,stimulus,
AG,AG012,B1,227,4,14,194.7675463008,tap,lctrl
AG,AG012,B1,228,4,15,195.4841265008,stimulus,
AG,AG012,B1,228,4,15,195.4875238007,tap,rctrl
AG,AG012,B1,229,4,16,196.2341558002,stimulus,
AG,AG012,B1,229,4,16,196.2395573007,tap,rctrl
AG,AG012,B1,229,4,16,196.9595373999,tap,rctrl
AG,AG012,B1,230,4,17,196.9841610007,stimulus,
AG,AG012,B1,230,4,17,197.6955458000,tap,lctrl
AG,AG012,B1,231,4,18,197.7341783000,stimulus,
AG,AG012,B1,231,4,18,198.4315074002,tap,rctrl
AG,AG012,B1,232,4,19,198.4841835005,stimulus,
AG,AG012,B1,232,4,19,199.2154697999,tap,lctrl
AG,AG012,B1,233,4,20,199.2342016008,stimulus,
AG,AG012,B1,233,4,20,199.9674672000,tap,rctrl
AG,AG012,B1,234,4,21,199.9842134006,stimulus,
AG,AG012,B1,234,4,21,200.7035238007,tap,rctrl
AG,AG012,B1,235,4,22,200.7342276005,stimulus,
AG,AG012,B1,235,4,22,201.4394495999,tap,lctrl
AG,AG012,B1,236,4,23,201.4842375005,stimulus,
AG,AG012,B1,236,4,23,202.1914851004,tap,rctrl
AG,AG012,B1,237,4,24,202.2342472002,stimulus,
AG,AG012,B1,237,4,24,202.9755685003,tap,lctrl
AG,AG012,B1,238,4,25,202.9842744004,stimulus,
AG,AG012,B1,238,4,25,203.7115414999,tap,lctrl
AG,AG012,B1,239,4,26,203.7342786007,stimulus,
AG,AG012,B1,239,4,26,204.4155285005,tap,rctrl
AG,AG012,B1,240,4,27,204.4842884000,stimulus,
AG,AG012,B1,240,4,27,205.1994798006,tap,lctrl
AG,AG012,B1,241,4,28,205.2342890007,stimulus,
AG,AG012,B1,241,4,28,205.9514880003,tap,rctrl
AG,AG012,B1,242,4,29,205.9843080007,stimulus,
AG,AG012,B1,242,4,29,206.6714384006,tap,rctrl
AG,AG012,B1,243,4,30,206.7343231002,stimulus,
AG,AG012,B1,243,4,30,207.4234648999,tap,rctrl
AG,AG012,B1,244,4,31,207.4843439003,stimulus,
AG,AG012,B1,244,4,31,208.2074283008,tap,lctrl
AG,AG012,B1,245,4,32,208.2343489006,stimulus,
AG,AG012,B1,245,4,32,208.9115706999,tap,lctrl
AG,AG012,B1,246,4,33,208.9843745008,stimulus,
AG,AG012,B1,246,4,33,209.6314779008,tap,rctrl
AG,AG012,B1,247,4,34,209.7343868008,stimulus,
AG,AG012,B1,247,4,34,210.4474609001,tap,lctrl
AG,AG012,B1,248,4,35,210.4844120005,stimulus,
AG,AG012,B1,248,4,35,211.1675628005,tap,lctrl
AG,AG012,B1,249,4,36,211.2344309008,stimulus,
AG,AG012,B1,249,4,36,211.9034841005,tap,rctrl
AG,AG012,B1,250,4,37,211.9844388999,stimulus,
AG,AG012,B1,250,4,37,212.6876293002,tap,lctrl
AG,AG012,B1,251,4,38,212.7344736001,stimulus,
AG,AG012,B1,251,4,38,213.4395409999,tap,rctrl
AG,AG012,B1,252,4,39,213.4844808001,stimulus,
AG,AG012,B1,252,4,39,214.2075057002,tap,rctrl
AG,AG012,B1,253,4,40,214.2344863005,stimulus,
AG,AG012,B1,253,4,40,214.8955416000,tap,lctrl
AG,AG012,B1,254,4,41,214.9844982000,stimulus,
AG,AG012,B1,254,4,41,215.6954943007,tap,rctrl
AG,AG012,B1,255,4,42,215.7345085004,stimulus,
AG,AG012,B1,255,4,42,216.4635832002,tap,lctrl
AG,AG012,B1,256,4,43,216.4845177000,stimulus,
AG,AG012,B1,256,4,43,217.1514721001,tap,lctrl
AG,AG012,B1,257,4,44,217.2345305001,stimulus,
AG,AG012,B1,257,4,44,217.9515319001,tap,rctrl
AG,AG012,B1,258,4,45,217.9845531005,stimulus,
AG,AG012,B1,258,4,45,218.7194729000,tap,lctrl
AG,AG012,B1,259,4,46,218.7345615001,stimulus,
AG,AG012,B1,259,4,46,219.4074426005,tap,rctrl
AG,AG012,B1,260,4,47,219.4845662005,stimulus,
AG,AG012,B1,260,4,47,220.1274921000,tap,rctrl
AG,AG012,B1,261,4,48,220.2345762001,stimulus,
AG,AG012,B1,261,4,48,220.9274470005,tap,rctrl
AG,AG012,B1,262,4,49,220.9845956005,stimulus,
AG,AG012,B1,262,4,49,221.5674361000,tap,rctrl
AG,AG012,B1,263,4,50,221.7346113008,stimulus,
AG,AG012,B1,263,4,50,222.4635629002,tap,lctrl
AG,AG012,B1,264,4,51,222.4846256999,stimulus,
AG,AG012,B1,264,4,51,223.1675584000,tap,rctrl
AG,AG012,B1,265,4,52,223.2346438002,stimulus,
AG,AG012,B1,265,4,52,223.9194466006,tap,lctrl
AG,AG012,B1,266,4,53,223.9846478002,stimulus,
AG,AG012,B1,266,4,53,224.6714683007,tap,lctrl
AG,AG012,B1,267,4,54,224.7346582003,stimulus,
AG,AG012,B1,267,4,54,225.4554316001,tap,rctrl
AG,AG012,B1,268,4,55,225.4846737999,stimulus,
AG,AG012,B1,268,4,55,226.2235175008,tap,lctrl
AG,AG012,B1,269,4,56,226.2346920008,stimulus,
AG,AG012,B1,269,4,56,226.9594573006,tap,rctrl
AG,AG012,B1,270,4,57,226.9847070007,stimulus,
AG,AG012,B1,270,4,57,227.6794658005,tap,rctrl
AG,AG012,B1,271,4,58,227.7347266003,stimulus,
AG,AG012,B1,271,4,58,228.4315261999,tap,rctrl
AG,AG012,B1,272,4,59,228.4847476007,stimulus,
AG,AG012,B1,272,4,59,229.2154151006,tap,lctrl
AG,AG012,B1,273,4,60,229.2347545000,stimulus,
AG,AG012,B1,273,4,60,229.9035079004,tap,rctrl
AG,AG012,B1,274,4,61,229.9847658006,stimulus,
AG,AG012,B1,274,4,61,230.6394719006,tap,rctrl
AG,AG012,B1,275,4,62,230.7347781006,stimulus,
AG,AG012,B1,275,4,62,231.4234642005,tap,rctrl
AG,AG012,B1,276,4,63,231.4847886004,stimulus,
AG,AG012,B1,276,4,63,232.1594968000,tap,lctrl
AG,AG012,B1,277,4,64,232.2348012002,stimulus,
AG,AG012,B1,277,4,64,232.8955127001,tap,lctrl
AG,AG012,B1,278,4,65,232.9848178001,stimulus,
AG,AG012,B1,278,4,65,233.6315061999,tap,rctrl
AG,AG012,B1,279,4,66,233.7348394999,stimulus,
AG,AG012,B1,279,4,66,234.4314385001,tap,lctrl
AG,AG012,B1,280,4,67,234.4848417006,stimulus,
AG,AG012,B1,280,4,67,235.1514297007,tap,rctrl
AG,AG012,B1,281,4,68,235.2348506004,stimulus,
AG,AG012,B1,281,4,68,235.9034308000,tap,lctrl
AG,AG012,B1,282,4,69,235.9848737000,stimulus,
AG,AG012,B1,282,4,69,236.6715533007,tap,lctrl
AG,AG012,B1,283,4,70,236.7349030999,stimulus,
AG,AG012,B1,283,4,70,237.4075383004,tap,lctrl
AG,AG012,B1,284,4,71,237.4848972000,stimulus,
AG,AG012,B1,284,4,71,238.1595151005,tap,rctrl
AG,AG012,B1,285,4,72,238.2349142004,stimulus,
AG,AG012,B1,285,4,72,238.9114578003,tap,lctrl
AG,AG012,B1,286,4,73,238.9849298000,stimulus,
AG,AG012,B1,286,4,73,239.6475297008,tap,rctrl
AG,AG012,B1,287,4,74,239.7349439003,stimulus,
AG,AG012,B1,287,4,74,240.3674554005,tap,rctrl
AG,AG012,B1,288,4,75,240.4849455999,stimulus,
AG,AG012,B1,288,4,75,241.1195540000,tap,rctrl
AG,AG012,B1,289,4,76,241.2349574007,stimulus,
AG,AG012,B1,289,4,76,241.9355071001,tap,lctrl
AG,AG012,B1,290,4,77,241.9849733999,stimulus,
AG,AG012,B1,290,4,77,242.6714907000,tap,rctrl
AG,AG012,B1,291,4,78,242.7349953000,stimulus,
AG,AG012,B1,291,4,78,243.4074904006,tap,lctrl
AG,AG012,B1,292,4,79,243.4850043003,stimulus,
AG,AG012,B1,292,4,79,244.1754852999,tap,lctrl
AG,AG012,B1,293,4,80,244.2350160005,stimulus,
AG,AG012,B1,293,4,80,244.9114482002,tap,rctrl
AG,AG012,B1,294,4,80,248.2850991003,probe1,2
AG,AG012,B1,294,4,80,250.9373679003,probe2,2
AG,AG012,B1,294,4,80,253.5895974003,probe3,0
AG,AG012,B1,295,5,1,254.3581190007,stimulus,
AG,AG012,B1,295,5,1,254.4315740000,tap,rctrl
AG,AG012,B1,295,5,1,255.0875308001,tap,rctrl
AG,AG012,B1,296,5,2,255.1079067001,stimulus,
AG,AG012,B1,296,5,2,255.8074224005,tap,rctrl
AG,AG012,B1,297,5,3,255.8579226006,stimulus,
AG,AG012,B1,297,5,3,256.5914082006,tap,rctrl
AG,AG012,B1,298,5,4,256.6079274006,stimulus,
AG,AG012,B1,299,5,5,257.3579401001,stimulus,
AG,AG012,B1,299,5,5,257.4234944005,tap,lctrl
AG,AG012,B1,300,5,6,258.1079592006,stimulus,
AG,AG012,B1,300,5,6,258.1275773002,tap,lctrl
AG,AG012,B1,300,5,6,258.8154182006,tap,rctrl
AG,AG012,B1,301,5,7,258.8579795007,stimulus,
AG,AG012,B1,302,5,8,259.6079884004,stimulus,
AG,AG012,B1,302,5,8,259.6314697005,tap,lctrl
AG,AG012,B1,302,5,8,260.3354282007,tap,rctrl
AG,AG012,B1,303,5,9,260.3579975003,stimulus,
AG,AG012,B1,303,5,9,261.0875897007,tap,lctrl
AG,AG012,B1,304,5,10,261.1080141999,stimulus,
AG,AG012,B1,304,5,10,261.8554803003,tap,rctrl
AG,AG012,B1,305,5,11,261.8580299001,stimulus,
AG,AG012,B1,305,5,11,262.5755362008,tap,lctrl
AG,AG012,B1,306,5,12,262.6080459999,stimulus,
AG,AG012,B1,307,5,13,263.3580581006,stimulus,
AG,AG012,B1,307,5,13,263.3594221007,tap,rctrl
AG,AG012,B1,307,5,13,264.0954005001,tap,rctrl
AG,AG012,B1,308,5,14,264.1080637006,stimulus,
AG,AG012,B1,309,5,15,264.8580757007,stimulus,
AG,AG012,B1,309,5,15,264.8795000007,tap,lctrl
AG,AG012,B1,309,5,15,265.5994245000,tap,lctrl
AG,AG012,B1,310,5,16,265.6080961004,stimulus,
AG,AG012,B1,310,5,16,266.3355811005,tap,lctrl
AG,AG012,B1,311,5,17,266.3581125000,stimulus,
AG,AG012,B1,312,5,18,267.1081266003,stimulus,
AG,AG012,B1,312,5,18,267.1354611004,tap,rctrl
AG,AG012,B1,313,5,19,267.8581451001,stimulus,
AG,AG012,B1,313,5,19,267.8714578003,tap,lctrl
AG,AG012,B1,313,5,19,268.5434009004,tap,rctrl
AG,AG012,B1,314,5,20,268.6081445003,stimulus,
AG,AG012,B1,314,5,20,269.3434511004,tap,lctrl
AG,AG012,B1,315,5,21,269.3581667002,stimulus,
AG,AG012,B1,316,5,22,270.1081785001,stimulus,
AG,AG012,B1,316,5,22,270.1114500007,tap,lctrl
AG,AG012,B1,316,5,22,270.8474842999,tap,lctrl
AG,AG012,B1,317,5,23,270.8582008006,stimulus,
AG,AG012,B1,317,5,23,271.5194079001,tap,rctrl
AG,AG012,B1,318,5,24,271.6082131006,stimulus,
AG,AG012,B1,318,5,24,272.3516578004,tap,lctrl
AG,AG012,B1,319,5,25,272.3582488000,stimulus,
AG,AG012,B1,319,5,25,273.0874467008,tap,rctrl
AG,AG012,B1,320,5,26,273.1082537007,stimulus,
AG,AG012,B1,320,5,26,273.7915205006,tap,lctrl
AG,AG012,B1,321,5,27,273.8582726000,stimulus,
AG,AG012,B1,321,5,27,274.5594703006,tap,lctrl
AG,AG012,B1,322,5,28,274.6082705008,stimulus,
AG,AG012,B1,322,5,28,275.2475330001,tap,rctrl
AG,AG012,B1,323,5,29,275.3582813004,stimulus,
AG,AG012,B1,323,5,29,276.0954576004,tap,rctrl
AG,AG012,B1,324,5,30,276.1083044000,stimulus,
AG,AG012,B1,324,5,30,276.8475209000,tap,rctrl
AG,AG012,B1,325,5,31,276.8583122008,stimulus,
AG,AG012,B1,325,5,31,277.5354564004,tap,lctrl
AG,AG012,B1,326,5,32,277.6083233999,stimulus,
AG,AG012,B1,326,5,32,278.3354197005,tap,rctrl
AG,AG012,B1,327,5,33,278.3583285008,stimulus,
AG,AG012,B1,327,5,33,279.0714900000,tap,rctrl
AG,AG012,B1,328,5,34,279.1083599003,stimulus,
AG,AG012,B1,328,5,34,279.8074906003,tap,rctrl
AG,AG012,B1,329,5,35,279.8583680000,stimulus,
AG,AG012,B1,329,5,35,280.5433817003,tap,lctrl
AG,AG012,B1,330,5,36,280.6083703004,stimulus,
AG,AG012,B1,330,5,36,281.2794458000,tap,lctrl
AG,AG012,B1,331,5,37,281.3583884006,stimulus,
AG,AG012,B1,331,5,37,282.0794879002,tap,rctrl
AG,AG012,B1,332,5,38,282.1083984999,stimulus,
AG,AG012,B1,332,5,38,282.8314307006,tap,lctrl
AG,AG012,B1,333,5,39,282.8584177000,stimulus,
AG,AG012,B1,333,5,39,283.5673989002,tap,rctrl
AG,AG012,B1,334,5,40,283.6084236000,stimulus,
AG,AG012,B1,334,5,40,284.2874828000,tap,lctrl
AG,AG012,B1,335,5,41,284.3584422003,stimulus,
AG,AG012,B1,335,5,41,285.0554761002,tap,lctrl
AG,AG012,B1,336,5,42,285.1084569003,stimulus,
AG,AG012,B1,336,5,42,285.8554978007,tap,lctrl
AG,AG012,B1,337,5,43,285.8584747007,stimulus,
AG,AG012,B1,337,5,43,286.5915240999,tap,lctrl
AG,AG012,B1,338,5,44,286.6084944000,stimulus,
AG,AG012,B1,338,5,44,287.2633919008,tap,rctrl
AG,AG012,B1,339,5,45,287.3585006008,stimulus,
AG,AG012,B1,339,5,45,288.0314410999,tap,lctrl
AG,AG012,B1,340,5,46,288.1085272003,stimulus,
AG,AG012,B1,340,5,46,288.8314092001,tap,rctrl
AG,AG012,B1,341,5,47,288.8585408004,stimulus,
AG,AG012,B1,341,5,47,289.5994450999,tap,rctrl
AG,AG012,B1,342,5,48,289.6085547004,stimulus,
AG,AG012,B1,342,5,48,290.3514309004,tap,lctrl
AG,AG012,B1,343,5,49,290.3585664006,stimulus,
AG,AG012,B1,343,5,49,291.0874394001,tap,rctrl
AG,AG012,B1,344,5,50,291.1085919002,stimulus,
AG,AG012,B1,344,5,50,291.7913828008,tap,lctrl
AG,AG012,B1,345,5,51,291.8586017005,stimulus,
AG,AG012,B1,345,5,51,292.5114334002,tap,lctrl
AG,AG012,B1,346,5,52,292.6086154999,stimulus,
AG,AG012,B1,346,5,52,293.2634629002,tap,lctrl
AG,AG012,B1,347,5,53,293.3586384002,stimulus,
AG,AG012,B1,347,5,53,294.0154573005,tap,lctrl
AG,AG012,B1,348,5,54,294.1086452007,stimulus,
AG,AG012,B1,348,5,54,294.8314662008,tap,rctrl
AG,AG012,B1,349,5,55,294.8586641001,stimulus,
AG,AG012,B1,349,5,55,295.5674780002,tap,lctrl
AG,AG012,B1,350,5,56,295.6086741006,stimulus,
AG,AG012,B1,350,5,56,296.2714453004,tap,rctrl
AG,AG012,B1,351,5,57,296.3586847000,stimulus,
AG,AG012,B1,351,5,57,297.0394538008,tap,rctrl
AG,AG012,B1,352,5,58,297.1086976007,stimulus,
AG,AG012,B1,352,5,58,297.7434343006,tap,lctrl
AG,AG012,B1,353,5,59,297.8587127002,stimulus,
AG,AG012,B1,353,5,59,298.5433856007,tap,rctrl
AG,AG012,B1,354,5,60,298.6087239999,stimulus,
AG,AG012,B1,354,5,60,299.3275063001,tap,rctrl
AG,AG012,B1,355,5,61,299.3587470008,stimulus,
AG,AG012,B1,355,5,61,300.0474682003,tap,lctrl
AG,AG012,B1,356,5,62,300.1087530004,stimulus,
AG,AG012,B1,356,5,62,300.7994566001,tap,lctrl
AG,AG012,B1,357,5,63,300.8587664999,stimulus,
AG,AG012,B1,357,5,63,301.4714414999,tap,rctrl
AG,AG012,B1,358,5,64,301.6087802006,stimulus,
AG,AG012,B1,358,5,64,302.2874194002,tap,lctrl
AG,AG012,B1,359,5,65,302.3587873001,stimulus,
AG,AG012,B1,359,5,65,303.0234880000,tap,rctrl
AG,AG012,B1,360,5,66,303.1088127000,stimulus,
AG,AG012,B1,360,5,66,303.8553926004,tap,lctrl
AG,AG012,B1,361,5,67,303.8588188002,stimulus,
AG,AG012,B1,361,5,67,304.6074571004,tap,lctrl
AG,AG012,B1,362,5,68,304.6088397000,stimulus,
AG,AG012,B1,362,5,68,305.2953832000,tap,rctrl
AG,AG012,B1,363,5,69,305.3588537006,stimulus,
AG,AG012,B1,364,5,70,306.1088709002,stimulus,
AG,AG012,B1,364,5,70,306.1113907006,tap,lctrl
AG,AG012,B1,364,5,70,306.7994844001,tap,rctrl
AG,AG012,B1,365,5,71,306.8588880002,stimulus,
AG,AG012,B1,366,5,72,307.6088912999,stimulus,
AG,AG012,B1,366,5,72,307.6314721005,tap,rctrl
AG,AG012,B1,366,5,72,308.2875068001,tap,rctrl
AG,AG012,B1,367,5,73,308.3589132000,stimulus,
AG,AG012,B1,367,5,73,309.0394095005,tap,lctrl
AG,AG012,B1,368,5,74,309.1089289002,stimulus,
AG,AG012,B1,368,5,74,309.8394306004,tap,lctrl
AG,AG012,B1,369,5,75,309.8589396002,stimulus,
AG,AG012,B1,370,5,76,310.6089531006,stimulus,
AG,AG012,B1,370,5,76,310.6554001002,tap,lctrl
AG,AG012,B1,370,5,76,311.3114804002,tap,rctrl
AG,AG012,B1,371,5,77,311.3589753006,stimulus,
AG,AG012,B1,371,5,77,312.0794494003,tap,rctrl
AG,AG012,B1,372,5,77,316.1240077000,probe1,2
AG,AG012,B1,372,5,77,318.1589979008,probe2,1
AG,AG012,B1,372,5,77,320.6611972004,probe3,0
AG,AG012,B1,373,6,1,321.4297410008,stimulus,
AG,AG012,B1,373,6,1,321.4308697004,tap,rctrl
AG,AG012,B1,373,6,1,322.0794321001,tap,lctrl
AG,AG012,B1,374,6,2,322.1795236003,stimulus,
AG,AG012,B1,374,6,2,322.9114843002,tap,rctrl
AG,AG012,B1,375,6,3,322.9295443008,stimulus,
AG,AG012,B1,375,6,3,323.6793889003,tap,lctrl
AG,AG012,B1,376,6,4,323.6795594003,stimulus,
AG,AG012,B1,376,6,4,324.4154596003,tap,lctrl
AG,AG012,B1,377,6,5,324.4295671005,stimulus,
AG,AG012,B1,377,6,5,325.1514115008,tap,rctrl
AG,AG012,B1,378,6,6,325.1795782000,stimulus,
AG,AG012,B1,378,6,6,325.9034978999,tap,rctrl
AG,AG012,B1,379,6,7,325.9295917004,stimulus,
AG,AG012,B1,379,6,7,326.6554029007,tap,rctrl
AG,AG012,B1,380,6,8,326.6796003999,stimulus,
AG,AG012,B1,381,6,9,327.4296190999,stimulus,
AG,AG012,B1,381,6,9,327.5194196003,tap,lctrl
AG,AG012,B1,382,6,10,328.1796279000,stimulus,
AG,AG012,B1,382,6,10,328.1914638001,tap,lctrl
AG,AG012,B1,382,6,10,328.9114955999,tap,lctrl
AG,AG012,B1,383,6,11,328.9296512008,stimulus,
AG,AG012,B1,383,6,11,329.6634448003,tap,rctrl
AG,AG012,B1,384,6,12,329.6796529004,stimulus,
AG,AG012,B1,385,6,13,330.4296692004,stimulus,
AG,AG012,B1,385,6,13,330.4634092003,tap,lctrl
AG,AG012,B1,385,6,13,331.1514315000,tap,rctrl
AG,AG012,B1,386,6,14,331.1796833007,stimulus,
AG,AG012,B1,386,6,14,331.8555096006,tap,rctrl
AG,AG012,B1,387,6,15,331.9296973003,stimulus,
AG,AG012,B1,388,6,16,332.6797366003,stimulus,
AG,AG012,B1,388,6,16,332.7196534006,tap,rctrl
AG,AG012,B1,389,6,17,333.4297278002,stimulus,
AG,AG012,B1,389,6,17,333.4554434000,tap,lctrl
AG,AG012,B1,389,6,17,334.1754807001,tap,rctrl
AG,AG012,B1,390,6,18,334.1797358999,stimulus,
AG,AG012,B1,390,6,18,334.9274570001,tap,lctrl
AG,AG012,B1,391,6,19,334.9297566004,stimulus,
AG,AG012,B1,391,6,19,335.6635475000,tap,rctrl
AG,AG012,B1,392,6,20,335.6797790006,stimulus,
AG,AG012,B1,392,6,20,336.4154110001,tap,lctrl
AG,AG012,B1,393,6,21,336.4297839003,stimulus,
AG,AG012,B1,393,6,21,337.1194975004,tap,lctrl
AG,AG012,B1,394,6,22,337.1797972005,stimulus,
AG,AG012,B1,394,6,22,337.9034496006,tap,lctrl
AG,AG012,B1,395,6,23,337.9298115000,stimulus,
AG,AG012,B1,395,6,23,338.6234058002,tap,rctrl
AG,AG012,B1,396,6,24,338.6798181003,stimulus,
AG,AG012,B1,396,6,24,339.3754056999,tap,lctrl
AG,AG012,B1,397,6,25,339.4298419002,stimulus,
AG,AG012,B1,397,6,25,340.1434304006,tap,lctrl
AG,AG012,B1,398,6,26,340.1798438001,stimulus,
AG,AG012,B1,398,6,26,340.9114521006,tap,lctrl
AG,AG012,B1,399,6,27,340.9298581006,stimulus,
AG,AG012,B1,399,6,27,341.5675254008,tap,rctrl
AG,AG012,B1,400,6,28,341.6798680006,stimulus,
AG,AG012,B1,400,6,28,342.3673713002,tap,lctrl
AG,AG012,B1,401,6,29,342.4298777999,stimulus,
AG,AG012,B1,401,6,29,343.1034895005,tap,rctrl
AG,AG012,B1,402,6,30,343.1798953004,stimulus,
AG,AG012,B1,402,6,30,343.8874247000,tap,rctrl
AG,AG012,B1,403,6,31,343.9299164005,stimulus,
AG,AG012,B1,404,6,32,344.6799238008,stimulus,
AG,AG012,B1,404,6,32,344.6874769004,tap,lctrl
AG,AG012,B1,405,6,33,345.4299354004,stimulus,
AG,AG012,B1,405,6,33,345.4715472003,tap,lctrl
AG,AG012,B1,405,6,33,346.1435473002,tap,rctrl
AG,AG012,B1,406,6,34,346.1799432002,stimulus,
AG,AG012,B1,406,6,34,346.9113639006,tap,rctrl
AG,AG012,B1,407,6,35,346.9299632004,stimulus,
AG,AG012,B1,407,6,35,347.5994631005,tap,lctrl
AG,AG012,B1,408,6,36,347.6799670001,stimulus,
AG,AG012,B1,408,6,36,348.3833872005,tap,lctrl
AG,AG012,B1,409,6,37,348.4299856005,stimulus,
AG,AG012,B1,409,6,37,349.1354375007,tap,lctrl
AG,AG012,B1,410,6,38,349.1799991000,stimulus,
AG,AG012,B1,410,6,38,349.8554245001,tap,lctrl
AG,AG012,B1,411,6,39,349.9300098000,stimulus,
AG,AG012,B1,412,6,40,350.6800188003,stimulus,
AG,AG012,B1,412,6,40,350.7033579005,tap,rctrl
AG,AG012,B1,412,6,40,351.4073946001,tap,lctrl
AG,AG012,B1,413,6,41,351.4300295003,stimulus,
AG,AG012,B1,413,6,41,352.1433925005,tap,rctrl
AG,AG012,B1,414,6,42,352.1800381001,stimulus,
AG,AG012,B1,414,6,42,352.8953525005,tap,lctrl
AG,AG012,B1,415,6,43,352.9300539000,stimulus,
AG,AG012,B1,416,6,44,353.6800629999,stimulus,
AG,AG012,B1,416,6,44,353.7114575002,tap,rctrl
AG,AG012,B1,416,6,44,354.4154251004,tap,lctrl
AG,AG012,B1,417,6,45,354.4300923999,stimulus,
AG,AG012,B1,417,6,45,355.1674996000,tap,rctrl
AG,AG012,B1,418,6,46,355.1800994007,stimulus,
AG,AG012,B1,418,6,46,355.9194366001,tap,lctrl
AG,AG012,B1,419,6,47,355.9301095000,stimulus,
AG,AG012,B1,419,6,47,356.5913529005,tap,rctrl
AG,AG012,B1,420,6,48,356.6801235005,stimulus,
AG,AG012,B1,420,6,48,357.3913954999,tap,lctrl
AG,AG012,B1,421,6,49,357.4301351001,stimulus,
AG,AG012,B1,421,6,49,358.1433500005,tap,lctrl
AG,AG012,B1,422,6,50,358.1801459007,stimulus,
AG,AG012,B1,422,6,50,358.8473544000,tap,rctrl
AG,AG012,B1,423,6,51,358.9301678007,stimulus,
AG,AG012,B1,423,6,51,359.6634323001,tap,lctrl
AG,AG012,B1,424,6,52,359.6801852006,stimulus,
AG,AG012,B1,424,6,52,360.3514202004,tap,rctrl
AG,AG012,B1,425,6,53,360.4301809007,stimulus,
AG,AG012,B1,425,6,53,361.1194224004,tap,rctrl
AG,AG012,B1,426,6,54,361.1801928002,stimulus,
AG,AG012,B1,426,6,54,361.9033541000,tap,rctrl
AG,AG012,B1,427,6,55,361.9302083999,stimulus,
AG,AG012,B1,427,6,55,362.6075562006,tap,lctrl
AG,AG012,B1,428,6,56,362.6802241001,stimulus,
AG,AG012,B1,428,6,56,363.3754449002,tap,rctrl
AG,AG012,B1,429,6,57,363.4302299004,stimulus,
AG,AG012,B1,429,6,57,364.0954723004,tap,lctrl
AG,AG012,B1,430,6,58,364.1802501008,stimulus,
AG,AG012,B1,430,6,58,364.8634087006,tap,rctrl
AG,AG012,B1,431,6,59,364.9302582005,stimulus,
AG,AG012,B1,431,6,59,365.5834496003,tap,lctrl
AG,AG012,B1,432,6,60,365.6802683007,stimulus,
AG,AG012,B1,433,6,61,366.4302922003,stimulus,
AG,AG012,B1,433,6,61,366.4313612999,tap,rctrl
AG,AG012,B1,433,6,61,367.1034184005,tap,rctrl
AG,AG012,B1,434,6,62,367.1803087005,stimulus,
AG,AG012,B1,434,6,62,367.8553838003,tap,rctrl
AG,AG012,B1,435,6,63,367.9303186005,stimulus,
AG,AG012,B1,435,6,63,368.6553724008,tap,lctrl
AG,AG012,B1,436,6,64,368.6803264003,stimulus,
AG,AG012,B1,436,6,64,369.3913765000,tap,rctrl
AG,AG012,B1,437,6,65,369.4303539004,stimulus,
AG,AG012,B1,437,6,65,370.0794740999,tap,lctrl
AG,AG012,B1,438,6,66,370.1803617999,stimulus,
AG,AG012,B1,438,6,66,370.9114928003,tap,rctrl
AG,AG012,B1,439,6,67,370.9303804003,stimulus,
AG,AG012,B1,439,6,67,371.6313943006,tap,rctrl
AG,AG012,B1,440,6,68,371.6803917000,stimulus,
AG,AG012,B1,440,6,68,372.3674261002,tap,lctrl
AG,AG012,B1,441,6,69,372.4304065006,stimulus,
AG,AG012,B1,441,6,69,373.1515195007,tap,rctrl
AG,AG012,B1,442,6,70,373.1804327006,stimulus,
AG,AG012,B1,442,6,70,373.8393432004,tap,lctrl
AG,AG012,B1,443,6,70,377.3404950006,probe1,3
AG,AG012,B1,443,6,70,379.5759549001,probe2,0
AG,AG012,B1,443,6,70,382.0446844008,probe3,0
AG,AG012,B1,444,7,1,382.8132536002,stimulus,
AG,AG012,B1,444,7,1,382.8795073004,tap,rctrl
AG,AG012,B1,444,7,1,383.5033713002,tap,lctrl
AG,AG012,B1,445,7,2,383.5630427999,stimulus,
AG,AG012,B1,445,7,2,384.3034353005,tap,rctrl
AG,AG012,B1,446,7,3,384.3130572001,stimulus,
AG,AG012,B1,446,7,3,385.0233300002,tap,lctrl
AG,AG012,B1,447,7,4,385.0630661007,stimulus,
AG,AG012,B1,447,7,4,385.7754397001,tap,rctrl
AG,AG012,B1,448,7,5,385.8130982006,stimulus,
AG,AG012,B1,448,7,5,386.5274458006,tap,lctrl
AG,AG012,B1,449,7,6,386.5630977005,stimulus,
AG,AG012,B1,449,7,6,387.3113283003,tap,rctrl
AG,AG012,B1,450,7,7,387.3131084004,stimulus,
AG,AG012,B1,450,7,7,388.0314233005,tap,rctrl
AG,AG012,B1,451,7,8,388.0631211000,stimulus,
AG,AG012,B1,451,7,8,388.7833785005,tap,lctrl
AG,AG012,B1,452,7,9,388.8131365003,stimulus,
AG,AG012,B1,452,7,9,389.4873369001,tap,lctrl
AG,AG012,B1,453,7,10,389.5631547002,stimulus,
AG,AG012,B1,454,7,11,390.3132057004,stimulus,
AG,AG012,B1,454,7,11,390.3194273999,tap,lctrl
AG,AG012,B1,455,7,12,391.0632407004,stimulus,
AG,AG012,B1,455,7,12,391.1354211001,tap,rctrl
AG,AG012,B1,455,7,12,391.7753200000,tap,lctrl
AG,AG012,B1,456,7,13,391.8132225005,stimulus,
AG,AG012,B1,456,7,13,392.5434645005,tap,rctrl
AG,AG012,B1,457,7,14,392.5632541999,stimulus,
AG,AG012,B1,457,7,14,393.2953519002,tap,lctrl
AG,AG012,B1,458,7,15,393.3132720003,stimulus,
AG,AG012,B1,458,7,15,394.0634001000,tap,lctrl
AG,AG012,B1,459,7,16,394.0635331003,stimulus,
AG,AG012,B1,459,7,16,394.7353456002,tap,rctrl
AG,AG012,B1,460,7,17,394.8135530008,stimulus,
AG,AG012,B1,460,7,17,395.4874134008,tap,rctrl
AG,AG012,B1,461,7,18,395.5635732999,stimulus,
AG,AG012,B1,461,7,18,396.2714458006,tap,rctrl
AG,AG012,B1,462,7,19,396.3135837000,stimulus,
AG,AG012,B1,462,7,19,396.9913305007,tap,lctrl
AG,AG012,B1,463,7,20,397.0635934006,stimulus,
AG,AG012,B1,463,7,20,397.7593590003,tap,rctrl
AG,AG012,B1,464,7,21,397.8136017006,stimulus,
AG,AG012,B1,464,7,21,398.4633573005,tap,lctrl
AG,AG012,B1,465,7,22,398.5636184001,stimulus,
AG,AG012,B1,465,7,22,399.2313599000,tap,rctrl
AG,AG012,B1,466,7,23,399.3136415007,stimulus,
AG,AG012,B1,466,7,23,400.0633487003,tap,rctrl
AG,AG012,B1,467,7,24,400.0636410005,stimulus,
AG,AG012,B1,468,7,25,400.8136727000,stimulus,
AG,AG012,B1,468,7,25,400.8313712003,tap,lctrl
AG,AG012,B1,468,7,25,401.5193314999,tap,lctrl
AG,AG012,B1,469,7,26,401.5636840006,stimulus,
AG,AG012,B1,469,7,26,402.2553197006,tap,lctrl
AG,AG012,B1,470,7,27,402.3136928007,stimulus,
AG,AG012,B1,470,7,27,403.0233386001,tap,rctrl
AG,AG012,B1,471,7,28,403.0637119003,stimulus,
AG,AG012,B1,471,7,28,403.7274129000,tap,lctrl
AG,AG012,B1,472,7,29,403.8137255004,stimulus,
AG,AG012,B1,472,7,29,404.5273941001,tap,rctrl
AG,AG012,B1,473,7,30,404.5637349002,stimulus,
AG,AG012,B1,473,7,30,405.2633340005,tap,lctrl
AG,AG012,B1,474,7,31,405.3137544002,stimulus,
AG,AG012,B1,474,7,31,405.9993208004,tap,lctrl
AG,AG012,B1,475,7,32,406.0637665000,stimulus,
AG,AG012,B1,475,7,32,406.7513367003,tap,rctrl
AG,AG012,B1,476,7,33,406.8137878999,stimulus,
AG,AG012,B1,476,7,33,407.4873871002,tap,rctrl
AG,AG012,B1,477,7,34,407.5637995005,stimulus,
AG,AG012,B1,477,7,34,408.2874380006,tap,rctrl
AG,AG012,B1,478,7,35,408.3138170000,stimulus,
AG,AG012,B1,478,7,35,408.9913626006,tap,lctrl
AG,AG012,B1,479,7,36,409.0638279002,stimulus,
AG,AG012,B1,479,7,36,409.7274547005,tap,rctrl
AG,AG012,B1,480,7,37,409.8138424000,stimulus,
AG,AG012,B1,480,7,37,410.4633318000,tap,lctrl
AG,AG012,B1,481,7,38,410.5638639005,stimulus,
AG,AG012,B1,481,7,38,411.2474537008,tap,rctrl
AG,AG012,B1,482,7,39,411.3138668006,stimulus,
AG,AG012,B1,482,7,39,411.9833593005,tap,rctrl
AG,AG012,B1,483,7,40,412.0638717003,stimulus,
AG,AG012,B1,483,7,40,412.7034828002,tap,lctrl
AG,AG012,B1,484,7,41,412.8138886001,stimulus,
AG,AG012,B1,484,7,41,413.4873721004,tap,lctrl
AG,AG012,B1,485,7,42,413.5639009001,stimulus,
AG,AG012,B1,485,7,42,414.2874600999,tap,rctrl
AG,AG012,B1,486,7,43,414.3139188001,stimulus,
AG,AG012,B1,487,7,44,415.0639352007,stimulus,
AG,AG012,B1,487,7,44,415.0874706004,tap,lctrl
AG,AG012,B1,487,7,44,415.7114940006,tap,rctrl
AG,AG012,B1,488,7,45,415.8139496008,stimulus,
AG,AG012,B1,488,7,45,416.4794061007,tap,rctrl
AG,AG012,B1,489,7,46,416.5639554001,stimulus,
AG,AG012,B1,490,7,47,417.3139778003,stimulus,
AG,AG012,B1,490,7,47,417.3434038004,tap,rctrl
AG,AG012,B1,490,7,47,418.0633598007,tap,rctrl
AG,AG012,B1,491,7,48,418.0639859000,stimulus,
AG,AG012,B1,491,7,48,418.7833259003,tap,lctrl
AG,AG012,B1,492,7,49,418.8140054001,stimulus,
AG,AG012,B1,492,7,49,419.5194226000,tap,lctrl
AG,AG012,B1,493,7,50,419.5640176004,stimulus,
AG,AG012,B1,493,7,50,420.2554612001,tap,lctrl
AG,AG012,B1,494,7,51,420.3140336005,stimulus,
AG,AG012,B1,494,7,51,421.0553628001,tap,lctrl
AG,AG012,B1,495,7,52,421.0640436001,stimulus,
AG,AG012,B1,495,7,52,421.7753754007,tap,rctrl
AG,AG012,B1,496,7,53,421.8140649004,stimulus,
AG,AG012,B1,496,7,53,422.5112993000,tap,rctrl
AG,AG012,B1,497,7,54,422.5640772004,stimulus,
AG,AG012,B1,497,7,54,423.3113347003,tap,rctrl
AG,AG012,B1,498,7,55,423.3140868004,stimulus,
AG,AG012,B1,499,7,56,424.0641015004,stimulus,
AG,AG012,B1,499,7,56,424.3993456000,tap,rctrl
AG,AG012,B1,500,7,57,424.8141145008,stimulus,
AG,AG012,B1,500,7,57,424.9753720006,tap,lctrl
AG,AG012,B1,501,7,58,425.5641426006,stimulus,
AG,AG012,B1,501,7,58,425.6634024000,tap,rctrl
AG,AG012,B1,502,7,59,426.3141716002,stimulus,
AG,AG012,B1,502,7,59,426.3354247008,tap,lctrl
AG,AG012,B1,503,7,60,427.0641687000,stimulus,
AG,AG012,B1,503,7,60,427.0874489006,tap,rctrl
AG,AG012,B1,504,7,61,427.8141685007,stimulus,
AG,AG012,B1,504,7,61,427.8394340007,tap,lctrl
AG,AG012,B1,504,7,61,428.5593934003,tap,rctrl
AG,AG012,B1,505,7,62,428.5641835006,stimulus,
AG,AG012,B1,505,7,62,429.2794580003,tap,lctrl
AG,AG012,B1,506,7,63,429.3141997000,stimulus,
AG,AG012,B1,507,7,64,430.0642051008,stimulus,
AG,AG012,B1,507,7,64,430.1113928007,tap,lctrl
AG,AG012,B1,508,7,65,430.8142285002,stimulus,
AG,AG012,B1,508,7,65,430.8313330002,tap,rctrl
AG,AG012,B1,508,7,65,431.5193558000,tap,rctrl
AG,AG012,B1,509,7,66,431.5642344002,stimulus,
AG,AG012,B1,509,7,66,432.2073511006,tap,lctrl
AG,AG012,B1,510,7,67,432.3142569000,stimulus,
AG,AG012,B1,510,7,67,433.0234730002,tap,lctrl
AG,AG012,B1,511,7,68,433.0642760005,stimulus,
AG,AG012,B1,511,7,68,433.7913987003,tap,rctrl
AG,AG012,B1,512,7,69,433.8142758003,stimulus,
AG,AG012,B1,512,7,69,434.4794394001,tap,lctrl
AG,AG012,B1,513,7,70,434.5642942004,stimulus,
AG,AG012,B1,513,7,70,435.2794427006,tap,rctrl
AG,AG012,B1,514,7,71,435.3143040007,stimulus,
AG,AG012,B1,514,7,71,436.0474024005,tap,rctrl
AG,AG012,B1,515,7,72,436.0643160008,stimulus,
AG,AG012,B1,515,7,72,436.7033783002,tap,lctrl
AG,AG012,B1,516,7,73,436.8143249005,stimulus,
AG,AG012,B1,516,7,73,437.4713248005,tap,rctrl
AG,AG012,B1,517,7,74,437.5643391004,stimulus,
AG,AG012,B1,517,7,74,438.2874304000,tap,lctrl
AG,AG012,B1,518,7,74,441.9434473999,probe1,3
AG,AG012,B1,518,7,74,444.1628485005,probe2,1
AG,AG012,B1,518,7,74,448.3315513004,probe3,1
AG,AG012,B1,519,8,1,449.1001026006,stimulus,
AG,AG012,B1,519,8,1,449.1035045004,tap,rctrl
AG,AG012,B1,519,8,1,449.7914107004,tap,lctrl
AG,AG012,B1,520,8,2,449.8498840006,stimulus,
AG,AG012,B1,520,8,2,450.5434538005,tap,lctrl
AG,AG012,B1,521,8,3,450.5999041004,stimulus,
AG,AG012,B1,521,8,3,451.3113078000,tap,rctrl
AG,AG012,B1,522,8,4,451.3499137005,stimulus,
AG,AG012,B1,522,8,4,452.0793667007,tap,rctrl
AG,AG012,B1,523,8,5,452.0999289006,stimulus,
AG,AG012,B1,523,8,5,452.8314132001,tap,rctrl
AG,AG012,B1,524,8,6,452.8499619002,stimulus,
AG,AG012,B1,524,8,6,453.5833283002,tap,rctrl
AG,AG012,B1,525,8,7,453.5999687007,stimulus,
AG,AG012,B1,525,8,7,454.3193862000,tap,lctrl
AG,AG012,B1,526,8,8,454.3499814002,stimulus,
AG,AG012,B1,526,8,8,455.0713883005,tap,rctrl
AG,AG012,B1,527,8,9,455.0999916000,stimulus,
AG,AG012,B1,527,8,9,455.7913752999,tap,lctrl
AG,AG012,B1,528,8,10,455.8500067005,stimulus,
AG,AG012,B1,528,8,10,456.5272911005,tap,rctrl
AG,AG012,B1,529,8,11,456.6000145003,stimulus,
AG,AG012,B1,529,8,11,457.3273530006,tap,rctrl
AG,AG012,B1,530,8,12,457.3500270005,stimulus,
AG,AG012,B1,530,8,12,458.0794436000,tap,lctrl
AG,AG012,B1,531,8,13,458.1000427008,stimulus,
AG,AG012,B1,532,8,14,458.8500528000,stimulus,
AG,AG012,B1,532,8,14,458.8953758003,tap,lctrl
AG,AG012,B1,532,8,14,459.5354792001,tap,rctrl
AG,AG012,B1,533,8,15,459.6000668006,stimulus,
AG,AG012,B1,534,8,16,460.3500741003,stimulus,
AG,AG012,B1,534,8,16,460.3514331002,tap,lctrl
AG,AG012,B1,535,8,17,461.1000939002,stimulus,
AG,AG012,B1,535,8,17,461.1033005007,tap,rctrl
AG,AG012,B1,535,8,17,461.8073668005,tap,rctrl
AG,AG012,B1,536,8,18,461.8501097001,stimulus,
AG,AG012,B1,537,8,19,462.6001304006,stimulus,
AG,AG012,B1,537,8,19,462.6233941000,tap,rctrl
AG,AG012,B1,537,8,19,463.2954708003,tap,lctrl
AG,AG012,B1,538,8,20,463.3501444003,stimulus,
AG,AG012,B1,539,8,21,464.1001512008,stimulus,
AG,AG012,B1,539,8,21,464.1113694003,tap,rctrl
AG,AG012,B1,540,8,22,464.8501607999,stimulus,
AG,AG012,B1,540,8,22,464.8632829003,tap,lctrl
AG,AG012,B1,540,8,22,465.5992855001,tap,rctrl
AG,AG012,B1,541,8,23,465.6001744000,stimulus,
AG,AG012,B1,541,8,23,466.3353294004,tap,rctrl
AG,AG012,B1,542,8,24,466.3502027001,stimulus,
AG,AG012,B1,543,8,25,467.1002106005,stimulus,
AG,AG012,B1,543,8,25,467.1033724006,tap,lctrl
AG,AG012,B1,543,8,25,467.8393539004,tap,rctrl
AG,AG012,B1,544,8,26,467.8502163002,stimulus,
AG,AG012,B1,544,8,26,468.5273173004,tap,lctrl
AG,AG012,B1,545,8,27,468.6002355004,stimulus,
AG,AG012,B1,545,8,27,469.2473622002,tap,rctrl
AG,AG012,B1,546,8,28,469.3502427004,stimulus,
AG,AG012,B1,546,8,28,470.0313224001,tap,lctrl
AG,AG012,B1,547,8,29,470.1002480006,stimulus,
AG,AG012,B1,547,8,29,470.8152668001,tap,lctrl
AG,AG012,B1,548,8,30,470.8502650000,stimulus,
AG,AG012,B1,548,8,30,471.5993035007,tap,rctrl
AG,AG012,B1,549,8,31,471.6002866002,stimulus,
AG,AG012,B1,550,8,32,472.3503006008,stimulus,
AG,AG012,B1,550,8,32,472.3673827006,tap,lctrl
AG,AG012,B1,550,8,32,473.0394072002,tap,rctrl
AG,AG012,B1,551,8,33,473.1003047004,stimulus,
AG,AG012,B1,551,8,33,473.7914471999,tap,rctrl
AG,AG012,B1,552,8,34,473.8503181003,stimulus,
AG,AG012,B1,552,8,34,474.5432879999,tap,rctrl
AG,AG012,B1,553,8,35,474.6003277004,stimulus,
AG,AG012,B1,554,8,36,475.3503357004,stimulus,
AG,AG012,B1,554,8,36,475.3593174005,tap,lctrl
AG,AG012,B1,554,8,36,476.0312971007,tap,rctrl
AG,AG012,B1,555,8,37,476.1003493005,stimulus,
AG,AG012,B1,555,8,37,476.7993776007,tap,lctrl
AG,AG012,B1,556,8,38,476.8503596000,stimulus,
AG,AG012,B1,556,8,38,477.5512904003,tap,rctrl
AG,AG012,B1,557,8,39,477.6003824007,stimulus,
AG,AG012,B1,557,8,39,478.2872657999,tap,lctrl
AG,AG012,B1,558,8,40,478.3503944008,stimulus,
AG,AG012,B1,558,8,40,479.0392966000,tap,rctrl
AG,AG012,B1,559,8,41,479.1004248001,stimulus,
AG,AG012,B1,559,8,41,479.7912921002,tap,rctrl
AG,AG012,B1,560,8,42,479.8504210003,stimulus,
AG,AG012,B1,560,8,42,480.5592687000,tap,rctrl
AG,AG012,B1,561,8,43,480.6004357999,stimulus,
AG,AG012,B1,561,8,43,481.3433473008,tap,lctrl
AG,AG012,B1,562,8,44,481.3504558001,stimulus,
AG,AG012,B1,562,8,44,482.0153218005,tap,rctrl
AG,AG012,B1,563,8,45,482.1004646001,stimulus,
AG,AG012,B1,563,8,45,482.8153609000,tap,lctrl
AG,AG012,B1,564,8,46,482.8504797006,stimulus,
AG,AG012,B1,564,8,46,483.4873223007,tap,rctrl
AG,AG012,B1,565,8,47,483.6004886003,stimulus,
AG,AG012,B1,565,8,47,484.3353118999,tap,rctrl
AG,AG012,B1,566,8,48,484.3505012002,stimulus,
AG,AG012,B1,566,8,48,485.0233588004,tap,lctrl
AG,AG012,B1,567,8,49,485.1005094005,stimulus,
AG,AG012,B1,567,8,49,485.7912851004,tap,lctrl
AG,AG012,B1,568,8,50,485.8505253000,stimulus,
AG,AG012,B1,568,8,50,486.5914241001,tap,lctrl
AG,AG012,B1,569,8,51,486.6005454008,stimulus,
AG,AG012,B1,569,8,51,487.2952866005,tap,rctrl
AG,AG012,B1,570,8,52,487.3505513007,stimulus,
AG,AG012,B1,570,8,52,488.0953625003,tap,lctrl
AG,AG012,B1,571,8,53,488.1005679006,stimulus,
AG,AG012,B1,571,8,53,488.8152737999,tap,rctrl
AG,AG012,B1,572,8,54,488.8505785000,stimulus,
AG,AG012,B1,572,8,54,489.5993272001,tap,lctrl
AG,AG012,B1,573,8,55,489.6005992005,stimulus,
AG,AG012,B1,573,8,55,490.3033573003,tap,rctrl
AG,AG012,B1,574,8,56,490.3506088005,stimulus,
AG,AG012,B1,574,8,56,491.0234102001,tap,lctrl
AG,AG012,B1,575,8,57,491.1006319001,stimulus,
AG,AG012,B1,575,8,57,491.8072694000,tap,lctrl
AG,AG012,B1,576,8,58,491.8506375002,stimulus,
AG,AG012,B1,576,8,58,492.5914047007,tap,lctrl
AG,AG012,B1,577,8,59,492.6006727004,stimulus,
AG,AG012,B1,577,8,59,493.2952765003,tap,rctrl
AG,AG012,B1,578,8,60,493.3506775005,stimulus,
AG,AG012,B1,578,8,60,494.0794064002,tap,lctrl
AG,AG012,B1,579,8,61,494.1006885003,stimulus,
AG,AG012,B1,579,8,61,494.8473201999,tap,lctrl
AG,AG012,B1,580,8,62,494.8507017000,stimulus,
AG,AG012,B1,580,8,62,495.5672816001,tap,rctrl
AG,AG012,B1,581,8,63,495.6007135008,stimulus,
AG,AG012,B1,581,8,63,496.3034006003,tap,lctrl
AG,AG012,B1,582,8,64,496.3507419005,stimulus,
AG,AG012,B1,582,8,64,496.9753510002,tap,rctrl
AG,AG012,B1,583,8,65,497.1007400006,stimulus,
AG,AG012,B1,583,8,65,497.7912811004,tap,rctrl
AG,AG012,B1,584,8,66,497.8507614005,stimulus,
AG,AG012,B1,585,8,67,498.6007671999,stimulus,
AG,AG012,B1,585,8,67,498.6073505003,tap,rctrl
AG,AG012,B1,585,8,67,499.3273797007,tap,rctrl
AG,AG012,B1,586,8,68,499.3507878007,stimulus,
AG,AG012,B1,586,8,68,500.0953360004,tap,lctrl
AG,AG012,B1,587,8,69,500.1007968001,stimulus,
AG,AG012,B1,587,8,69,500.8472676007,tap,lctrl
AG,AG012,B1,588,8,70,500.8508146005,stimulus,
AG,AG012,B1,589,8,71,501.6008392004,stimulus,
AG,AG012,B1,589,8,71,501.6153358007,tap,lctrl
AG,AG012,B1,590,8,72,502.3508510003,stimulus,
AG,AG012,B1,590,8,72,502.3993140003,tap,lctrl
AG,AG012,B1,591,8,72,507.0963379005,probe1,3
AG,AG012,B1,591,8,72,509.6159650004,probe2,0
AG,AG012,B1,591,8,72,512.1016365001,probe3,0
AG,AG012,B1,592,9,1,512.8691585008,stimulus,
AG,AG012,B1,592,9,1,513.0713973008,tap,lctrl
AG,AG012,B1,593,9,2,513.6189547004,stimulus,
AG,AG012,B1,593,9,2,513.7113165008,tap,rctrl
AG,AG012,B1,594,9,3,514.3689526999,stimulus,
AG,AG012,B1,594,9,3,514.3832935002,tap,lctrl
AG,AG012,B1,595,9,4,515.1189739006,stimulus,
AG,AG012,B1,595,9,4,515.1193056004,tap,rctrl
AG,AG012,B1,595,9,4,515.8554162001,tap,lctrl
AG,AG012,B1,596,9,5,515.8690025005,stimulus,
AG,AG012,B1,597,9,6,516.6190013001,stimulus,
AG,AG012,B1,597,9,6,516.6392705999,tap,lctrl
AG,AG012,B1,598,9,7,517.3690204006,stimulus,
AG,AG012,B1,598,9,7,517.3752750000,tap,rctrl
AG,AG012,B1,599,9,8,518.1190281007,stimulus,
AG,AG012,B1,599,9,8,518.1433308003,tap,rctrl
AG,AG012,B1,600,9,9,518.8690584004,stimulus,
AG,AG012,B1,600,9,9,518.8954824004,tap,rctrl
AG,AG012,B1,600,9,9,519.5833345000,tap,lctrl
AG,AG012,B1,601,9,10,519.6190599008,stimulus,
AG,AG012,B1,601,9,10,520.3672505999,tap,rctrl
AG,AG012,B1,602,9,11,520.3690718003,stimulus,
AG,AG012,B1,603,9,12,521.1190849999,stimulus,
AG,AG012,B1,603,9,12,521.1192625007,tap,lctrl
AG,AG012,B1,604,9,13,521.8691027006,stimulus,
AG,AG012,B1,604,9,13,521.8712692000,tap,rctrl
AG,AG012,B1,604,9,13,522.6073328005,tap,rctrl
AG,AG012,B1,605,9,14,522.6191263003,stimulus,
AG,AG012,B1,605,9,14,523.3592958003,tap,lctrl
AG,AG012,B1,606,9,15,523.3691343004,stimulus,
AG,AG012,B1,607,9,16,524.1191441007,stimulus,
AG,AG012,B1,607,9,16,524.1273786006,tap,lctrl
AG,AG012,B1,607,9,16,524.8472367004,tap,rctrl
AG,AG012,B1,608,9,17,524.8691560002,stimulus,
AG,AG012,B1,608,9,17,525.5832864000,tap,lctrl
AG,AG012,B1,609,9,18,525.6191714006,stimulus,
AG,AG012,B1,609,9,18,526.3192499001,tap,rctrl
AG,AG012,B1,610,9,19,526.3691852000,stimulus,
AG,AG012,B1,610,9,19,527.0393256005,tap,lctrl
AG,AG012,B1,611,9,20,527.1192102004,stimulus,
AG,AG012,B1,611,9,20,527.8552751001,tap,rctrl
AG,AG012,B1,612,9,21,527.8692200007,stimulus,
AG,AG012,B1,612,9,21,528.5913489005,tap,rctrl
AG,AG012,B1,613,9,22,528.6192295002,stimulus,
AG,AG012,B1,613,9,22,529.3112553004,tap,lctrl
AG,AG012,B1,614,9,23,529.3692367002,stimulus,
AG,AG012,B1,615,9,24,530.1192564005,stimulus,
AG,AG012,B1,615,9,24,530.1433316004,tap,lctrl
AG,AG012,B1,616,9,25,530.8692697007,stimulus,
AG,AG012,B1,616,9,25,530.8953186003,tap,rctrl
AG,AG012,B1,616,9,25,531.5832954999,tap,lctrl
AG,AG012,B1,617,9,26,531.6192869004,stimulus,
AG,AG012,B1,617,9,26,532.3032979006,tap,rctrl
AG,AG012,B1,618,9,27,532.3693070002,stimulus,
AG,AG012,B1,618,9,27,533.0873659002,tap,lctrl
AG,AG012,B1,619,9,28,533.1193200005,stimulus,
AG,AG012,B1,619,9,28,533.8553968007,tap,rctrl
AG,AG012,B1,620,9,29,533.8693409003,stimulus,
AG,AG012,B1,621,9,30,534.6193454005,stimulus,
AG,AG012,B1,621,9,30,534.6232583001,tap,rctrl
AG,AG012,B1,622,9,31,535.3693580003,stimulus,
AG,AG012,B1,622,9,31,535.3752595000,tap,rctrl
AG,AG012,B1,622,9,31,536.0633358005,tap,rctrl
AG,AG012,B1,623,9,32,536.1193800000,stimulus,
AG,AG012,B1,624,9,33,536.8693900006,stimulus,
AG,AG012,B1,624,9,33,536.8792923000,tap,lctrl
AG,AG012,B1,625,9,34,537.6194185000,stimulus,
AG,AG012,B1,625,9,34,537.6313129002,tap,lctrl
AG,AG012,B1,625,9,34,538.3352868007,tap,lctrl
AG,AG012,B1,626,9,35,538.3694140008,stimulus,
AG,AG012,B1,626,9,35,539.0552555006,tap,lctrl
AG,AG012,B1,627,9,36,539.1194293005,stimulus,
AG,AG012,B1,627,9,36,539.8552657003,tap,rctrl
AG,AG012,B1,628,9,37,539.8694408005,stimulus,
AG,AG012,B1,628,9,37,540.5752846999,tap,rctrl
AG,AG012,B1,629,9,38,540.6194535000,stimulus,
AG,AG012,B1,629,9,38,541.3432681002,tap,lctrl
AG,AG012,B1,630,9,39,541.3694630004,stimulus,
AG,AG012,B1,631,9,40,542.1194811007,stimulus,
AG,AG012,B1,631,9,40,542.1272907006,tap,rctrl
AG,AG012,B1,631,9,40,542.8473409005,tap,lctrl
AG,AG012,B1,632,9,41,542.8694935003,stimulus,
AG,AG012,B1,632,9,41,543.5832974007,tap,lctrl
AG,AG012,B1,633,9,42,543.6194977006,stimulus,
AG,AG012,B1,633,9,42,544.3353070002,tap,rctrl
AG,AG012,B1,634,9,43,544.3695080001,stimulus,
AG,AG012,B1,634,9,43,545.1033235006,tap,rctrl
AG,AG012,B1,635,9,44,545.1195237003,stimulus,
AG,AG012,B1,635,9,44,545.8072418002,tap,lctrl
AG,AG012,B1,636,9,45,545.8695391007,stimulus,
AG,AG012,B1,636,9,45,546.5592404008,tap,rctrl
AG,AG012,B1,637,9,46,546.6195550002,stimulus,
AG,AG012,B1,637,9,46,547.3272645008,tap,lctrl
AG,AG012,B1,638,9,47,547.3695709007,stimulus,
AG,AG012,B1,639,9,48,548.1195779005,stimulus,
AG,AG012,B1,639,9,48,548.1274110004,tap,lctrl
AG,AG012,B1,639,9,48,548.8153580008,tap,rctrl
AG,AG012,B1,640,9,49,548.8696017005,stimulus,
AG,AG012,B1,640,9,49,549.5833502002,tap,rctrl
AG,AG012,B1,641,9,50,549.6196184000,stimulus,
AG,AG012,B1,641,9,50,550.3352990001,tap,lctrl
AG,AG012,B1,642,9,51,550.3696215004,stimulus,
AG,AG012,B1,642,9,51,551.1032396005,tap,lctrl
AG,AG012,B1,643,9,52,551.1196444007,stimulus,
AG,AG012,B1,644,9,53,551.8696546005,stimulus,
AG,AG012,B1,644,9,53,551.8873284999,tap,lctrl
AG,AG012,B1,644,9,53,552.5592780001,tap,lctrl
AG,AG012,B1,645,9,54,552.6196887000,stimulus,
AG,AG012,B1,645,9,54,553.2954748003,tap,rctrl
AG,AG012,B1,646,9,55,553.3697070004,stimulus,
AG,AG012,B1,647,9,56,554.1197082000,stimulus,
AG,AG012,B1,647,9,56,554.1434157006,tap,lctrl
AG,AG012,B1,647,9,56,554.7994006006,tap,rctrl
AG,AG012,B1,648,9,57,554.8697172999,stimulus,
AG,AG012,B1,648,9,57,555.5674004005,tap,rctrl
AG,AG012,B1,649,9,58,555.6197263002,stimulus,
AG,AG012,B1,650,9,59,556.3697357001,stimulus,
AG,AG012,B1,650,9,59,556.6072525000,tap,lctrl
AG,AG012,B1,651,9,60,557.1197512001,stimulus,
AG,AG012,B1,651,9,60,557.1354705002,tap,rctrl
AG,AG012,B1,651,9,60,557.7913310006,tap,lctrl
AG,AG012,B1,652,9,61,557.8697666004,stimulus,
AG,AG012,B1,653,9,62,558.6197816003,stimulus,
AG,AG012,B1,653,9,62,558.6552324006,tap,rctrl
AG,AG012,B1,653,9,62,559.3113072999,tap,lctrl
AG,AG012,B1,654,9,62,562.8929830007,probe1,2
AG,AG012,B1,654,9,62,566.2289511003,probe2,1
AG,AG012,B1,654,9,62,569.6312438007,probe3,1
AG,AG012,B1,655,10,1,570.3997704005,stimulus,
AG,AG012,B1,655,10,1,570.4009182006,tap,lctrl
AG,AG012,B1,655,10,1,571.0553141003,tap,rctrl
AG,AG012,B1,656,10,2,571.1495817006,stimulus,
AG,AG012,B1,656,10,2,571.8392670006,tap,lctrl
AG,AG012,B1,657,10,3,571.8995948005,stimulus,
AG,AG012,B1,657,10,3,572.6233751001,tap,rctrl
AG,AG012,B1,658,10,4,572.6496236008,stimulus,
AG,AG012,B1,658,10,4,573.2953526005,tap,rctrl
AG,AG012,B1,659,10,5,573.3996247007,stimulus,
AG,AG012,B1,659,10,5,574.0632980000,tap,lctrl
AG,AG012,B1,660,10,6,574.1496287007,stimulus,
AG,AG012,B1,660,10,6,574.8473479999,tap,rctrl
AG,AG012,B1,661,10,7,574.8996457001,stimulus,
AG,AG012,B1,661,10,7,575.5993017005,tap,lctrl
AG,AG012,B1,662,10,8,575.6496564001,stimulus,
AG,AG012,B1,662,10,8,576.3992926003,tap,rctrl
AG,AG012,B1,663,10,9,576.3996736007,stimulus,
AG,AG012,B1,663,10,9,577.1192811001,tap,rctrl
AG,AG012,B1,664,10,10,577.1496855002,stimulus,
AG,AG012,B1,664,10,10,577.8393532000,tap,lctrl
AG,AG012,B1,665,10,11,577.8997022007,stimulus,
AG,AG012,B1,665,10,11,578.5753277000,tap,lctrl
AG,AG012,B1,666,10,12,578.6497248001,stimulus,
AG,AG012,B1,666,10,12,579.3433199003,tap,rctrl
AG,AG012,B1,667,10,13,579.3997347001,stimulus,
AG,AG012,B1,667,10,13,580.0632105004,tap,lctrl
AG,AG012,B1,668,10,14,580.1497352002,stimulus,
AG,AG012,B1,668,10,14,580.8312229002,tap,rctrl
AG,AG012,B1,669,10,15,580.8997486001,stimulus,
AG,AG012,B1,669,10,15,581.6152168000,tap,rctrl
AG,AG012,B1,670,10,16,581.6497615008,stimulus,
AG,AG012,B1,670,10,16,582.3192109000,tap,lctrl
AG,AG012,B1,671,10,17,582.3997718999,stimulus,
AG,AG012,B1,671,10,17,583.1032942999,tap,rctrl
AG,AG012,B1,672,10,18,583.1497967001,stimulus,
AG,AG012,B1,672,10,18,583.8552991003,tap,rctrl
AG,AG012,B1,673,10,19,583.8998103002,stimulus,
AG,AG012,B1,673,10,19,584.5912947999,tap,lctrl
AG,AG012,B1,674,10,20,584.6498116003,stimulus,
AG,AG012,B1,674,10,20,585.3912118999,tap,lctrl
AG,AG012,B1,675,10,21,585.3998233005,stimulus,
AG,AG012,B1,676,10,22,586.1498351004,stimulus,
AG,AG012,B1,676,10,22,586.1592685003,tap,lctrl
AG,AG012,B1,676,10,22,586.8952194005,tap,rctrl
AG,AG012,B1,677,10,23,586.8998556007,stimulus,
AG,AG012,B1,678,10,24,587.6498651002,stimulus,
AG,AG012,B1,678,10,24,587.6632621000,tap,lctrl
AG,AG012,B1,678,10,24,588.3192741005,tap,rctrl
AG,AG012,B1,679,10,25,588.3998838002,stimulus,
AG,AG012,B1,680,10,26,589.1499063000,stimulus,
AG,AG012,B1,680,10,26,589.1513299001,tap,lctrl
AG,AG012,B1,680,10,26,589.8392305002,tap,rctrl
AG,AG012,B1,681,10,27,589.8999103000,stimulus,
AG,AG012,B1,681,10,27,590.6232878007,tap,rctrl
AG,AG012,B1,682,10,28,590.6499167001,stimulus,
AG,AG012,B1,682,10,28,591.3752702000,tap,rctrl
AG,AG012,B1,683,10,29,591.3999268999,stimulus,
AG,AG012,B1,683,10,29,592.0952080004,tap,rctrl
AG,AG012,B1,684,10,30,592.1499389000,stimulus,
AG,AG012,B1,684,10,30,592.8634470003,tap,lctrl
AG,AG012,B1,685,10,31,592.8999542007,stimulus,
AG,AG012,B1,685,10,31,593.6154068001,tap,lctrl
AG,AG012,B1,686,10,32,593.6499760002,stimulus,
AG,AG012,B1,686,10,32,594.3672254002,tap,lctrl
AG,AG012,B1,687,10,33,594.3999852007,stimulus,
AG,AG012,B1,688,10,34,595.1499932008,stimulus,
AG,AG012,B1,688,10,34,595.1513690008,tap,lctrl
AG,AG012,B1,689,10,35,595.9000126999,stimulus,
AG,AG012,B1,689,10,35,595.9032511003,tap,lctrl
AG,AG012,B1,690,10,36,596.6500229007,stimulus,
AG,AG012,B1,690,10,36,596.6713479999,tap,rctrl
AG,AG012,B1,691,10,37,597.4000400007,stimulus,
AG,AG012,B1,691,10,37,597.4072582005,tap,lctrl
AG,AG012,B1,691,10,37,598.1272995006,tap,rctrl
AG,AG012,B1,692,10,38,598.1500547007,stimulus,
AG,AG012,B1,692,10,38,598.8953978000,tap,lctrl
AG,AG012,B1,693,10,39,598.9000797002,stimulus,
AG,AG012,B1,693,10,39,599.6473400006,tap,lctrl
AG,AG012,B1,694,10,40,599.6500960002,stimulus,
AG,AG012,B1,695,10,41,600.4000913007,stimulus,
AG,AG012,B1,695,10,41,600.4312041001,tap,rctrl
AG,AG012,B1,695,10,41,601.1352785006,tap,rctrl
AG,AG012,B1,696,10,42,601.1501102000,stimulus,
AG,AG012,B1,696,10,42,601.8393355003,tap,lctrl
AG,AG012,B1,697,10,43,601.9001219999,stimulus,
AG,AG012,B1,698,10,44,602.6501420001,stimulus,
AG,AG012,B1,698,10,44,602.7032251004,tap,lctrl
AG,AG012,B1,698,10,44,603.3593038004,tap,rctrl
AG,AG012,B1,699,10,45,603.4001589008,stimulus,
AG,AG012,B1,699,10,45,604.1432987005,tap,rctrl
AG,AG012,B1,700,10,46,604.1501860004,stimulus,
AG,AG012,B1,700,10,46,604.8632411007,tap,rctrl
AG,AG012,B1,701,10,47,604.9001928000,stimulus,
AG,AG012,B1,701,10,47,605.6312940000,tap,rctrl
AG,AG012,B1,702,10,48,605.6502040001,stimulus,
AG,AG012,B1,702,10,48,606.3512390004,tap,lctrl
AG,AG012,B1,703,10,49,606.4002333004,stimulus,
AG,AG012,B1,703,10,49,607.0872180006,tap,rctrl
AG,AG012,B1,704,10,50,607.1502349004,stimulus,
AG,AG012,B1,705,10,51,607.9002516000,stimulus,
AG,AG012,B1,705,10,51,607.9032982001,tap,lctrl
AG,AG012,B1,705,10,51,608.6392313000,tap,lctrl
AG,AG012,B1,706,10,52,608.6502717007,stimulus,
AG,AG012,B1,706,10,52,609.3432782004,tap,lctrl
AG,AG012,B1,707,10,53,609.4002883006,stimulus,
AG,AG012,B1,707,10,53,610.0792450001,tap,lctrl
AG,AG012,B1,708,10,54,610.1502986001,stimulus,
AG,AG012,B1,708,10,54,610.8793682000,tap,rctrl
AG,AG012,B1,709,10,55,610.9003302008,stimulus,
AG,AG012,B1,709,10,55,611.5992772002,tap,lctrl
AG,AG012,B1,710,10,56,611.6503307000,stimulus,
AG,AG012,B1,710,10,56,612.3992809001,tap,rctrl
AG,AG012,B1,711,10,57,612.4003462000,stimulus,
AG,AG012,B1,711,10,57,613.1032907004,tap,rctrl
AG,AG012,B1,712,10,58,613.1503580008,stimulus,
AG,AG012,B1,712,10,58,613.8872573003,tap,lctrl
AG,AG012,B1,713,10,59,613.9003772000,stimulus,
AG,AG012,B1,713,10,59,614.5592788002,tap,rctrl
AG,AG012,B1,714,10,60,614.6504003005,stimulus,
AG,AG012,B1,714,10,60,615.3432567008,tap,lctrl
AG,AG012,B1,715,10,61,615.4003985999,stimulus,
AG,AG012,B1,715,10,61,616.1433020001,tap,lctrl
AG,AG012,B1,716,10,62,616.1504170001,stimulus,
AG,AG012,B1,717,10,63,616.9004601007,stimulus,
AG,AG012,B1,717,10,63,616.9273199001,tap,rctrl
AG,AG012,B1,717,10,63,617.6472206004,tap,lctrl
AG,AG012,B1,718,10,64,617.6504563000,stimulus,
AG,AG012,B1,718,10,64,618.3351779999,tap,rctrl
AG,AG012,B1,719,10,65,618.4004612006,stimulus,
AG,AG012,B1,719,10,65,619.1352781001,tap,rctrl
AG,AG012,B1,720,10,65,624.7760431003,probe1,3
AG,AG012,B1,720,10,65,626.6444048006,probe2,0
AG,AG012,B1,720,10,65,628.5962499008,probe3,0
AG,AG012,B1,721,11,1,629.3648144007,stimulus,
AG,AG012,B1,721,11,1,629.3661888000,tap,lctrl
AG,AG012,B1,721,11,1,630.0632512001,tap,rctrl
AG,AG012,B1,722,11,2,630.1146151004,stimulus,
AG,AG012,B1,722,11,2,630.7991915001,tap,rctrl
AG,AG012,B1,723,11,3,630.8646232001,stimulus,
AG,AG012,B1,723,11,3,631.5672788005,tap,rctrl
AG,AG012,B1,724,11,4,631.6146408003,stimulus,
AG,AG012,B1,725,11,5,632.3646821007,stimulus,
AG,AG012,B1,725,11,5,632.3833069000,tap,lctrl
AG,AG012,B1,726,11,6,633.1146751000,stimulus,
AG,AG012,B1,726,11,6,633.1672777003,tap,rctrl
AG,AG012,B1,727,11,7,633.8646982005,stimulus,
AG,AG012,B1,727,11,7,633.8873394001,tap,lctrl
AG,AG012,B1,727,11,7,634.6073512007,tap,rctrl
AG,AG012,B1,728,11,8,634.6147102006,stimulus,
AG,AG012,B1,728,11,8,635.3593338002,tap,lctrl
AG,AG012,B1,729,11,9,635.3647182006,stimulus,
AG,AG012,B1,729,11,9,636.0792855006,tap,lctrl
AG,AG012,B1,730,11,10,636.1147297006,stimulus,
AG,AG012,B1,730,11,10,636.8152998006,tap,rctrl
AG,AG012,B1,731,11,11,636.8647395000,stimulus,
AG,AG012,B1,731,11,11,637.5673168004,tap,rctrl
AG,AG012,B1,732,11,12,637.6147543006,stimulus,
AG,AG012,B1,732,11,12,638.3032555003,tap,rctrl
AG,AG012,B1,733,11,13,638.3647673000,stimulus,
AG,AG012,B1,733,11,13,639.0712245004,tap,lctrl
AG,AG012,B1,734,11,14,639.1147976005,stimulus,
AG,AG012,B1,735,11,15,639.8648127001,stimulus,
AG,AG012,B1,735,11,15,639.8713026000,tap,rctrl
AG,AG012,B1,735,11,15,640.5593087999,tap,lctrl
AG,AG012,B1,736,11,16,640.6148157008,stimulus,
AG,AG012,B1,736,11,16,641.3273218004,tap,rctrl
AG,AG012,B1,737,11,17,641.3648149008,stimulus,
AG,AG012,B1,737,11,17,642.0793082006,tap,rctrl
AG,AG012,B1,738,11,18,642.1148266001,stimulus,
AG,AG012,B1,738,11,18,642.8472799007,tap,lctrl
AG,AG012,B1,739,11,19,642.8648431003,stimulus,
AG,AG012,B1,740,11,20,643.6148541002,stimulus,
AG,AG012,B1,740,11,20,643.6152502000,tap,lctrl
AG,AG012,B1,740,11,20,644.3192921001,tap,lctrl
AG,AG012,B1,741,11,21,644.3648684006,stimulus,
AG,AG012,B1,742,11,22,645.1148780007,stimulus,
AG,AG012,B1,742,11,22,645.1511730002,tap,lctrl
AG,AG012,B1,742,11,22,645.7911780002,tap,rctrl
AG,AG012,B1,743,11,23,645.8648875002,stimulus,
AG,AG012,B1,743,11,23,646.5752511006,tap,rctrl
AG,AG012,B1,744,11,24,646.6149033001,stimulus,
AG,AG012,B1,744,11,24,647.3112143008,tap,lctrl
AG,AG012,B1,745,11,25,647.3649184005,stimulus,
AG,AG012,B1,745,11,25,648.0795504004,tap,rctrl
AG,AG012,B1,746,11,26,648.1149271000,stimulus,
AG,AG012,B1,746,11,26,648.8153096000,tap,lctrl
AG,AG012,B1,747,11,27,648.8649422005,stimulus,
AG,AG012,B1,747,11,27,649.5993093001,tap,lctrl
AG,AG012,B1,748,11,28,649.6149671003,stimulus,
AG,AG012,B1,748,11,28,650.3191932002,tap,rctrl
AG,AG012,B1,749,11,29,650.3649693001,stimulus,
AG,AG012,B1,749,11,29,651.0551663004,tap,lctrl
AG,AG012,B1,750,11,30,651.1149889007,stimulus,
AG,AG012,B1,750,11,30,651.8392036008,tap,rctrl
AG,AG012,B1,751,11,31,651.8650000002,stimulus,
AG,AG012,B1,751,11,31,652.5911781006,tap,rctrl
AG,AG012,B1,752,11,32,652.6150214002,stimulus,
AG,AG012,B1,752,11,32,653.3272609003,tap,lctrl
AG,AG012,B1,753,11,33,653.3650432006,stimulus,
AG,AG012,B1,753,11,33,654.0312072001,tap,rctrl
AG,AG012,B1,754,11,34,654.1150570000,stimulus,
AG,AG012,B1,754,11,34,654.7992838006,tap,rctrl
AG,AG012,B1,755,11,35,654.8650807999,stimulus,
AG,AG012,B1,755,11,35,655.5513106007,tap,lctrl
AG,AG012,B1,756,11,36,655.6150823999,stimulus,
AG,AG012,B1,756,11,36,656.3194342004,tap,rctrl
AG,AG012,B1,757,11,37,656.3650910007,stimulus,
AG,AG012,B1,758,11,38,657.1150983004,stimulus,
AG,AG012,B1,758,11,38,657.1192916008,tap,lctrl
AG,AG012,B1,758,11,38,657.8071667003,tap,rctrl
AG,AG012,B1,759,11,39,657.8651161008,stimulus,
AG,AG012,B1,759,11,39,658.6072049001,tap,rctrl
AG,AG012,B1,760,11,40,658.6151355002,stimulus,
AG,AG012,B1,761,11,41,659.3651547004,stimulus,
AG,AG012,B1,761,11,41,659.3752669999,tap,rctrl
AG,AG012,B1,761,11,41,660.0632025003,tap,lctrl
AG,AG012,B1,762,11,42,660.1151582003,stimulus,
AG,AG012,B1,762,11,42,660.7991597001,tap,lctrl
AG,AG012,B1,763,11,43,660.8651727000,stimulus,
AG,AG012,B1,763,11,43,661.5831710007,tap,rctrl
AG,AG012,B1,764,11,44,661.6151895002,stimulus,
AG,AG012,B1,764,11,44,662.3352088006,tap,lctrl
AG,AG012,B1,765,11,45,662.3651991002,stimulus,
AG,AG012,B1,766,11,46,663.1152202999,stimulus,
AG,AG012,B1,766,11,46,663.1192446006,tap,rctrl
AG,AG012,B1,766,11,46,663.8232152006,tap,lctrl
AG,AG012,B1,767,11,47,663.8652324006,stimulus,
AG,AG012,B1,767,11,47,664.5591732999,tap,rctrl
AG,AG012,B1,768,11,48,664.6152541004,stimulus,
AG,AG012,B1,768,11,48,665.2631659005,tap,lctrl
AG,AG012,B1,769,11,49,665.3652621005,stimulus,
AG,AG012,B1,770,11,50,666.1152732000,stimulus,
AG,AG012,B1,770,11,50,666.1432045000,tap,lctrl
AG,AG012,B1,770,11,50,666.8632326005,tap,lctrl
AG,AG012,B1,771,11,51,666.8652939005,stimulus,
AG,AG012,B1,771,11,51,667.5511711007,tap,lctrl
AG,AG012,B1,772,11,52,667.6153082000,stimulus,
AG,AG012,B1,772,11,52,668.3191592004,tap,rctrl
AG,AG012,B1,773,11,53,668.3653178001,stimulus,
AG,AG012,B1,774,11,54,669.1153279003,stimulus,
AG,AG012,B1,774,11,54,669.1351430006,tap,rctrl
AG,AG012,B1,774,11,54,669.8071790999,tap,lctrl
AG,AG012,B1,775,11,55,669.8653503004,stimulus,
AG,AG012,B1,775,11,55,670.5911989007,tap,lctrl
AG,AG012,B1,776,11,56,670.6153557999,stimulus,
AG,AG012,B1,776,11,56,671.3272849005,tap,rctrl
AG,AG012,B1,777,11,57,671.3653659001,stimulus,
AG,AG012,B1,777,11,57,672.0792431999,tap,rctrl
AG,AG012,B1,778,11,58,672.1153847007,stimulus,
AG,AG012,B1,778,11,58,672.8632755000,tap,lctrl
AG,AG012,B1,779,11,59,672.8654156001,stimulus,
AG,AG012,B1,779,11,59,673.5992638003,tap,rctrl
AG,AG012,B1,780,11,60,673.6154249003,stimulus,
AG,AG012,B1,780,11,60,674.3192255003,tap,lctrl
AG,AG012,B1,781,11,61,674.3654340999,stimulus,
AG,AG012,B1,781,11,61,675.1031740000,tap,rctrl
AG,AG012,B1,782,11,62,675.1154497005,stimulus,
AG,AG012,B1,782,11,62,675.7911714008,tap,rctrl
AG,AG012,B1,783,11,63,675.8654634999,stimulus,
AG,AG012,B1,783,11,63,676.5112798000,tap,lctrl
AG,AG012,B1,784,11,64,676.6154811000,stimulus,
AG,AG012,B1,784,11,64,677.2472854005,tap,rctrl
AG,AG012,B1,785,11,65,677.3654907001,stimulus,
AG,AG012,B1,785,11,65,678.0952707008,tap,lctrl
AG,AG012,B1,786,11,66,678.1155026006,stimulus,
AG,AG012,B1,787,11,67,678.8655251004,stimulus,
AG,AG012,B1,787,11,67,678.9112531003,tap,lctrl
AG,AG012,B1,787,11,67,679.6152322004,tap,lctrl
AG,AG012,B1,788,11,68,679.6155451005,stimulus,
AG,AG012,B1,789,11,69,680.3655400006,stimulus,
AG,AG012,B1,789,11,69,680.3672552006,tap,rctrl
AG,AG012,B1,789,11,69,681.0711966008,tap,lctrl
AG,AG012,B1,790,11,70,681.1155558005,stimulus,
AG,AG012,B1,790,11,70,681.8232314000,tap,rctrl
AG,AG012,B1,791,11,71,681.8655741001,stimulus,
AG,AG012,B1,792,11,72,682.6155889006,stimulus,
AG,AG012,B1,792,11,72,682.6392251002,tap,rctrl
AG,AG012,B1,793,11,73,683.3655997002,stimulus,
AG,AG012,B1,793,11,73,683.4072535001,tap,rctrl
AG,AG012,B1,794,11,74,684.1156296004,stimulus,
AG,AG012,B1,794,11,74,684.1432316005,tap,lctrl
AG,AG012,B1,794,11,74,684.7671912005,tap,rctrl
AG,AG012,B1,795,11,75,684.8656342002,stimulus,
AG,AG012,B1,796,11,76,685.6156383008,stimulus,
AG,AG012,B1,796,11,76,685.6472354000,tap,lctrl
AG,AG012,B1,796,11,76,686.3512171004,tap,rctrl
AG,AG012,B1,797,11,77,686.3656468000,stimulus,
AG,AG012,B1,797,11,77,687.0871967003,tap,lctrl
AG,AG012,B1,798,11,78,687.1156592006,stimulus,
AG,AG012,B1,798,11,78,687.7753036004,tap,rctrl
AG,AG012,B1,799,11,79,687.8656775001,stimulus,
AG,AG012,B1,799,11,79,688.5752838999,tap,lctrl
AG,AG012,B1,800,11,79,692.8152000001,probe1,2
AG,AG012,B1,800,11,79,695.2839636002,probe2,1
AG,AG012,B1,800,11,79,697.4365020003,probe3,1
